SiiA	Salmonella_enterica_subsp_enterica_Typhimurium_LT2	lcl|NC_003197.2_prot_NP_463122.1_4111	100.000	100	MEDESNPWPSFVDTFSTVLCIFIFLMLVFALNNMIIMYDNSIKVYKANIENKTKSTAQNSGANDDSNPNEIVNKEVNTQDVSDGMTTMSGKEVGVYDIADGQKTDITSTKNELVITYHGRLRSFSEEDTYKIKAWLEDKINSNLLIEMVIPQADISFSDSLRLGYERGIILMKEIKKIYPDVVIDMSVNSAASSTTSKAIITTINKKVSE
SiiA	Salmonella_enterica_subsp_enterica_Paratyphi_B	lcl|NC_010102.1_prot_WP_000389232.1_4169	99.048	100	MEDESNPWPSFVDTFSTVLCIFIFLMLVFALNNMIIMYDNSIKVYKANIENKTKSTAQNSGANDDSNPNEIVNKEVNTQDVSDGMTTMSGKEVGVYDIADGQKTDITSTKNELVITYHGRLRSFSEEDTHKIKAWLEDKTNSNLLIEMVIPQADISFSDSLRLGYERGIILMKEIKKIYPDVVIDMSVNSAASSTTSKAIITTINKKVSE
SiiA	Salmonella_enterica_subsp_enterica_Infantis	lcl|CP052796.1_prot_QJV25805.1_4154	97.143	100	MEDESNPWPSFVDTFSTVLCIFIFLMLVFALNNMIIMYDNSIKVYKANIESKTKSTAQNSGANDNSNANEIINKEVNTQDMSDGMTTMSGKEVGVYDIADGQKTDITSTKNELVITYHGRLRSFSEEDTHKIKAWLEDKINSNLLIEMVIPQADISFSDSLRLGYERGIILMKEIKKIYPDVVIDMSVNSAASSTTSKAIITTINKKVSE
SiiA	Salmonella_enterica_subsp_enterica_Paratyphi_A	lcl|NZ_CP009559.1_prot_WP_000389229.1_1106	97.143	100	MEDESNPWPSFVDTFSTVLCIFIFLMLVFALNNMIIMYDNSIKVYKANIENKTKSTAQNNGANDNSNANEIVNKEVNTQDVSDGMTTMSGKEVGVYDIADGQKTDITSTKNELVITYHGRLRSFSEEDTHKIEAWLEDKTNSNLLIEMVIPQADISFSDSLRLGYERGIILMKEIKKIYPDVVIDMSVNSAASSTTSKAIITTINKKVSE
SiiA	Salmonella_enterica_subsp_enterica_Typhi	lcl|NZ_CP029897.1_prot_WP_000389235.1_4284	97.143	100	MEDESNPWPSFVDTFSTVLCIFIFLMLVFALNNMIIMYDNSIKVYKANIENKTKSTAQNSGANDNSNANEIVNKEVNTQDVSDGMTTMSGKEVGVYDIADGQKIDITSTKNELVITYHGRLRSFSEEDTHKIEAWLEDKTNSNLLIEMVIPQADISFSDSLRLGYERGIILMKEIKKIYPDVVIDMSVNSAASSTTSKAIITTINKKVSE
SiiA	Salmonella_bongori	lcl|NZ_CP053416.1_prot_WP_079774927.1_2027	77.619	100	MEDESNPWPSFVDTFSTVLCIFIFLMLVFALNNMLIMYDNSIKVYKTNIEKHANSKDEKSGDNKKENTNEKVENETISKDSSAESTEMSGKEIGIYDIADDQRIDITSEEKELVITYRGRLRSFSKEDLNKITVWLEDKANSNLLIEMIIPQADISFSDSLRLGYERGIILMKEIKKIYPDVVIDMSVNSTASSSTSKAIITTTNKKVPE
SiiB	Salmonella_enterica_subsp_enterica_Typhimurium_LT2	lcl|NC_003197.2_prot_NP_463123.1_4112	100.000	100	MKYINHYRYLFVCFFLAILPFFALSFPGIREYVFDNFMVSAIYNGVIIAIYITGSLCALFTILKNISAKDILIAQDASRKNSILSNLNQVLFAGESKQCDFNLLMELDDNVSTARNQRLSFIMSCSNVSTLVGLLGTFAGLSITIGSIGNLLSSPSDVGGDNASNTLNMIVTMVASLSEPLKGMNTAFVSSIYGVVCAILLTSQSVFVRSSYSLVSTEIKKLKIISNRANNKQRSLRVESETLVEFKELFKAFFDNYLTVENLRTQDEEKKREMLSDSFVTLQNRLLDNSAKLEQISTLIDGYLVSSNENLKKLSDGVITITSRLSEGNILLADNNARLEAMSTIQNIIDKKNDSIMTSVDKCYQESLSHGKTINDIAAGSADISHTLDGLRKEMDEDMNNVHLALSDLSATDKKIIANTKEISAEMVSYRDTYMPLMEKITSMHQEIVKQRLLNKEEKNED
SiiB	Salmonella_enterica_subsp_enterica_Paratyphi_A	lcl|NZ_CP009559.1_prot_WP_000875202.1_1105	99.134	100	MKYINHYRYLLVCFFLAILPFFALSFPGIREYVFDNFMVSAIYNGVIIAIYITGSLCALFTILKNISAKDILIAQDASRKNSILSNLNQVLFAGEPKQCDFNLLMELDDNVSTARNQRLSFIMSCSNVSTLVGLLGTFAGLSITIGSIGNLLSSPSDVGGDNASNTLNMIVTMVASLSEPLKGMNTAFVSSIYGVVCAILLTSQSVFVRSSYSLVSTEIKKLKIISNRSNNKQRSLRVESETLVEFKELFKAFFDNYLTVENLRTQDEEKKREMLSDSFVTLQNRLLDNSAKLEQISTLIDGYLVSSNENLKKLSDGVITITSRLSEGNILLADNNARLEAMSTIQNIIDKKNDSIMASVDKCYQESLSHGKTINDIAAGSADISHTLDGLRKEMDEDMNNVHLALSDLSATDKKIIANTKEISAEMVSYRDTYMPLMEKITSMHQEIVKQRLLNKEEKNED
SiiB	Salmonella_enterica_subsp_enterica_Infantis	lcl|CP052796.1_prot_QJV25804.1_4153	98.701	100	MKYINHYRYLFVCFFLAILPFFALSFPGIREYVFDNFMVSAIYNGVIIAIYITGSLCALFTILKNISAKDILIAQDASRKNSILSNLNQVLFAGEPKQCDFNLLMELDDNVSTARNQRLSFIMSCSNVSTLVGLLGTFAGLSITIGSIGNLLSSPSDVGGDNASNTLNMIVTMVASLSEPLKGMNTAFVSSIYGVVCAILLTSQSVFVRSSYSLVSTEIKKLKIISNRSNNKQRSLRVESETLVEFKELFKAFFDNYLTVENLRTQDEEKKRVMLSDSFVTLQNRLLDNSAKLEQLSTLIDGYLVSSNENLKKLSDGVITITSRLSEGNILLADNNARLEAMSTIQNIIDKKNDSIMASVDKCYQESLSHGKTINDIAAGSADISHTLDGLRKEMDEDMNNVHLALSDLSATDKKIITNTKEISAEMVSYRDTYMPLMEKITSMHQEIVKQRLLNKEEKNED
SiiB	Salmonella_enterica_subsp_enterica_Paratyphi_B	lcl|NC_010102.1_prot_WP_000875185.1_4170	98.268	100	MKYINHYRYLFVCFFLAILPFFALSFPGIREYVFDNFMVSAIYNGVIIAIYITGSLCALFTILKNISAKDILIAQDASRKNSILSNLNQVLFAGEPKQCDFNLLMELDDNVSTARNQRLSFIMSCSNVSTLVGLLGTFAGLSITIGSIGNLLSSPSDVGGDNASNTLNMIVTMVASLSEPLKGMNTAFVSSIYGVVCAILLTSQSVFVRSSYSLVSTEIKKLKIISNRSNNKQRSLRVESETLVEFKELFKAFFDNYLTVENLRTQDEEKKREMLSDSFVTLQNRLLDNSAKLEQLSTLIDGYLVSNNENTKKLVDGVITITSRLSEGNTLLADNNARLEAMSTIQNIIDKKNDSIMASVDKCYQESLSHGKTINDIAAGSADISHTLDGLRKEMDEDMNNVHLALSDLSATDKKIIANTKEISAEMVSYRDTYMPLMEKITSMHQEIVKQRLLNKEEKNED
SiiB	Salmonella_enterica_subsp_enterica_Typhi	lcl|NZ_CP029897.1_prot_WP_000875187.1_4285	97.835	100	MKYINHYRYLFVCFFLAILPFFALSFPGIREYVFDNFMVSAIYNGVIIAIYITGSLCALFTILKNISAKDILIAQDASRKNSILSNLNQVLFAGEPKQCDFNLLMELDDNVSTARNQRLSFIMSCSNVSTLVGLLGTFAGLSITIGSIGNLLSSPSDVGGDNASNTLNMIVTMVASLSEPLKGMNTAFVSSIYGVVCAILLTSQSVFVRSSYSLVSTEIKKLKIISNRSNNKQRSLRVESETLVEFKELFKAFFDNYLTVENLRTQDEEKKRVMLSDSFVTLQNRLLDNSAKLEQLSTLIDGYLVSNNENTKKLVDGVITITSRLSEGNTLLADNNARLEAMSTIQNIIDKKNDSIMASVDKCYQESFSHGKTINDIAAGSADISHTLDGLRKEMDEDMNNVHLALSDLSATDKKIIANTKEISAEMVSYRDTYMPLMEKITSMHQEIVKQRLLNKEEKNED
SiiB	Salmonella_bongori	lcl|NZ_CP053416.1_prot_WP_079794141.1_2028	81.602	100	MKVINDYRYFFICLFLAILPFFALSFSGIRAYVFDNFMVSAIYNGVIIAIYITGSLCALFTILKNISAKKILMTQDASRKNSMLSDLNQILFAEKSKQCDLNLLMELDDNVTTARNQRLSFIMSCSNVSTLIGLLGTFAGLSITIGSIGNLLSAPSDVGGDNASNTLNMIVTMVASLSEPLKGMNTAFVSSIYGVVCAILLTSQSVFVRSSYSLIATEIKKLKIRSNSANSKQRSLRVESETLVEFKELFKEFFDNYLSVETLRTQDEEKKRAMLSNSFSTLQNQLLDNTSRLEKISTLVDGCLANGNETNKKLADGVVTMTSYLSVGNDLLADSNTKMETLSTVQKNIDKKNDEIIASVDKCYLESLSQGKTIKDIAADSANITDVLDGMRKDIDVDMNNVHLALSDLSETDKKIMNNTKEISAEMVSYHDTYIPLMEKVTSMHQGLLKQSLLYRETKNED
SiiC	Salmonella_enterica_subsp_enterica_Typhimurium_LT2	lcl|NC_003197.2_prot_NP_463124.1_4113	100.000	100	MKIKMFFLTTAFITQSTYASELPVIPLRDLVNAALTHQPSVAVSYYETEKKNSDLDLSRAALYPTLDLTSGLNNNRKESSGTERNVENKVSLSYRITDFGVRGANIRKSEYERDNSKTDYEKTKNIVSQEVVTTYYNISKYREMIDGVNLEKEFYKKMLETFSLLVSSGVAMQSDMRKVQVSIDALNTRSIMYQSMLDDEMYKMQNMTGLNLSPVQIQSDEKFNLFKKYIFVESPEKLMDMVMKYNDDYKMLVNTRKAATEDINAAKSSYFPTVDLVSSYVQNNPSGSAKKSDYEDEFKTGINVSFNIFNGFRNSAQERKMVASYSQAKLQIDDFLIKTRYNIDSQLSRYAAAKETYSVAERSHTNALQLTELYEQEFQLGQKSLLDLISSRNEAFQAYVSMIDSKYSLYILKLQQLSLIFHLMDYLKGNTESELNVMK
SiiC	Salmonella_enterica_subsp_enterica_Infantis	lcl|CP052796.1_prot_QJV25803.1_4152	99.772	100	MKIKMFFLTTAFITQSTYASELPVIPLRDLVNAALTHQPSVAVSYYETEKKNSDLDLSRAALYPTLDLTSGLNNNRKESSGTERNVENKVSLSYRITDFGVRGANIRKSEYERDNSKTDYEKTKNIVSQEVVTTYYNISKYREMIDGVNLEKEFYKKMLETFSLLVSSGVAMQSDMRKVQVSIDALNTRSIMYQSMLDDEMYKMQNMTGLNLSPVQIQSDEKFNLFKKYIFVESPEKLMDMVMKYNDDYKMLVNTRKAATEDINAAKSSYFPTVDLVSSYVQNNPSGSAKKSDYEDEFKTGINVSFNIFNGFRNSAQERKMVASYSQAKLQIDDFLIKTRYNIDSQLSRYAAAKETYSVAERSHTNALQLTELYEQEFQLGQKSLLDLISSRNEAFQAYVSMVDSKYSLYILKLQQLSLIFHLMDYLKGNTESELNVMK
SiiC	Salmonella_enterica_subsp_enterica_Paratyphi_A	lcl|NZ_CP009559.1_prot_WP_001670706.1_1104	99.772	100	MKIKMFFLTTAFITQSTYASELPVIPLRDLVNAALTHQPSVAVSYYETEKKNSDLDLSRAALYPTLDLTSGLNNNRKESSGTERNVENKVSLSYRITDFGVRGANIRKSEYERDNSKTDYEKTKNIVSQEVVTTYYNISKYREMIDGVNLEKEFYKKMLETFSLLVSSGVAMQSDMRKVQVSIDALNTRSIMYQSMLDDEMYKMQNMTGLNLSPDQIQSDEKFNLFKKYIFVESPEKLMDMVMKYNDDYKMLVNTRKAATEDINAAKSSYFPTVDLVSSYVQNNPSGSAKKSDYEDEFKTGINVSFNIFNGFRNSAQERKMVASYSQAKLQIDDFLIKTRYNIDSQLSRYAAAKETYSVAERSHTNALQLTELYEQEFQLGQKSLLDLISSRNEAFQAYVSMIDSKYSLYILKLQQLSLIFHLMDYLKGNTESELNVMK
SiiC	Salmonella_enterica_subsp_enterica_Paratyphi_B	lcl|NC_010102.1_prot_WP_001670706.1_4171	99.772	100	MKIKMFFLTTAFITQSTYASELPVIPLRDLVNAALTHQPSVAVSYYETEKKNSDLDLSRAALYPTLDLTSGLNNNRKESSGTERNVENKVSLSYRITDFGVRGANIRKSEYERDNSKTDYEKTKNIVSQEVVTTYYNISKYREMIDGVNLEKEFYKKMLETFSLLVSSGVAMQSDMRKVQVSIDALNTRSIMYQSMLDDEMYKMQNMTGLNLSPDQIQSDEKFNLFKKYIFVESPEKLMDMVMKYNDDYKMLVNTRKAATEDINAAKSSYFPTVDLVSSYVQNNPSGSAKKSDYEDEFKTGINVSFNIFNGFRNSAQERKMVASYSQAKLQIDDFLIKTRYNIDSQLSRYAAAKETYSVAERSHTNALQLTELYEQEFQLGQKSLLDLISSRNEAFQAYVSMIDSKYSLYILKLQQLSLIFHLMDYLKGNTESELNVMK
SiiC	Salmonella_enterica_subsp_enterica_Typhi	lcl|NZ_CP029897.1_prot_WP_010989277.1_4286	98.178	100	MKIKMFFLTTAFITQSTYASELPVIPLRDLVNAALTHQPSVAVSYYETEKKNSDLDLSRAALYPTLDLTSGLNNNRKESSGTERNVENKVSLSYRITDFGVRGANIRKSEYERDNSKTDYEKTKNIVSQEVVTTYYNISKYREMIDGVNLEKEFYKKMLETFSLLVSSGVAMQSDMRKVQVSIDALNTRSIMYQSMLDDEMYKMQNMTGLNLSPDQIQSDEKFNLFKKYIFVESPEKLMDMVMKYNDDYKMLVNTRKAATEDINAAKSSYFPTVDLVSSYVQNNPSGSAKKSDYEDEFKTGINVSFNIFNGFRNAAQERKMVASYSQAKLQIDDFLIKTRYNIDSQLSKYTAAKETYSVAERSHTNALQLTELYEQEFQLGQKSLLDLISSRNEAFQAYVSMIDSKYSLYILKLQQLSLIFHLMDYLK----SELNVMK
SiiC	Salmonella_bongori	lcl|NZ_CP053416.1_prot_WP_079794140.1_2029	90.433	100	MKIKILFLTTAFAMQSVYADESPVIPLSDLVNAALKHQPSVAVSYYETEKKNSDLDATRAALYPTLDLTSGFNNNRKESSNSERNIENKISLSYRITDFGVTGANIRKSEYERDNSKTDYEKTKNIVSQDVATTYYNISKYREMIEGVNQEKEFYKKMLENFSLLVSSGVAMQSDMRKVQVSIDALNTRSIMYQSMLDDEMYKMQNMTGLNLSSGQIQSDEKFNLFKKYSFIESPEKLMDMIMKYNDDYKMLVNTRKAATEDINAAKSSYFPTVDLVSSYVQNNPGGAAKKSDYEDEFKTGINVSFNLFNGFRNAAQERKMVASYSQAKLQIDDFLIKTRYNIDSQLSRYSAAKETYAVAERSHLNALQLTELYEQEFQLGQKSLLDLISSRNEAFQAYISMVDSKYSLYMLKLQQLSLVFHLMDYLKGSAASELNGMK
SiiC	Salmonella_enterica_subsp_diarizonae	lcl|NZ_CP029989.1_prot_WP_023246300.1_4670	84.282	100	MKIKHFLLTAAFIMQGAHASEFAILPLSKLVDAALKHQPSVAISYYETEKKKSDLEATRASLYPTLDLSSGINNNRKESSGDERNIENKISLSYRITDFGVRGANIRKSEYEKNSSDIDYEKTKNTVAQEVITTYYNISKYREMIDGINKEKEFYKNMLGTFSLLVSSGVAMQSDLRKVQVSIDALNTRSIMYQSMLDDEMYKMKNMTGMQLSPDQIQSDEHFDLFKKYIFVDSPEKLMNMVMKYNDDYKMLVSARKAASEDINAANSSYFPTVDLVSSYVQNNPSGSAKKSDYENEFKTGVNVSLNIFNGFRNSAQESKMVASYSQAKLQIDDFLLKTRYNIDSQLSKYSAAKETYLVAERSHKNALQLTGLYEQEFQLGQKSLLDLISSRNEAFQAYVSMVDSKYSLYMLKLQQLSLVFHLIDYLKGNSASELNITK
SiiC	Salmonella_enterica_subsp_arizonae	lcl|LR134156.1_prot_VEA79479.1_5255	84.055	100	MKIKHFLLTAAFVMQGAHASEFAILPLSKLVDAALKHQPSVAISYYETEKKKSDLEATRASLYPTLDLSSGINNNRKESSGDERNIENKISLSYRITDFGVRGANIRKSEYEKNSSDIDYEKTKNTVAQEVITTYYNISKYREMIDGINKEKEFYKNMLGTFSLLVSSGVAMQSDLRKVQVSIDALNTRSIMYQSMLDDEMYKMKNMTGMQLSPDQIQSDEHFDLFKKYIFVDSPEKLMNMVMKYNDDYKMLVSARKAASEDINAANSSYFPTVDLVSSYVQNNPSGSAKKSDYENEFKTGVNVSLNIFNGFRNSAQESKMVASYSQAKLQIDDFLLKTRYNIDSQLSKYSAAKETYLVAERSHKNALQLTGLYEQEFQLGQKSLLDLISSRNEAFQAYVSMVDSKYSLYMLKLQQLSLVFHLIDYLKGNSASELNITK
SiiD	Salmonella_enterica_subsp_enterica_Paratyphi_A	lcl|NZ_CP009559.1_prot_WP_001081935.1_1103	100.000	100	MNRRQSDHLMMIIISLTILIIILTYFIEINSVVHGQGVITTKDNAQLISLSKGGTIQDIYVAEGDTVKKGELLAKVVNLDLQKEYQRYRTQKGYLDKDVNEISFILDKENESGLITLDGTRSLSNKEVKANIELVHSQIRAKELKKTSLDSEISGLQEKLSSKEKELALLAEEINILSPLVKKGISPYTNFLNKKQAYIKVKSEINDIESSITLKKDDIELVVNDIEALNNELRLSLSKIISKNLQELEVVNSTLKVIEKQINEEDIYSPVDGVIYKINKSATTHGGVIQAADLLFEIKPKVRTMLADVKILPKYRDQIYVDEAVKLDVQSIIQPKIKSYNATIDNISPDSYEENTGGTIQRYYKVIIAFDVNEDDLRWLKPGMTVDASVITGKHSIMEYLLSPLMKGVDKAFSEPVNTKRLDTP
SiiD	Salmonella_enterica_subsp_enterica_Paratyphi_B	lcl|NC_010102.1_prot_WP_001081935.1_4172	100.000	100	MNRRQSDHLMMIIISLTILIIILTYFIEINSVVHGQGVITTKDNAQLISLSKGGTIQDIYVAEGDTVKKGELLAKVVNLDLQKEYQRYRTQKGYLDKDVNEISFILDKENESGLITLDGTRSLSNKEVKANIELVHSQIRAKELKKTSLDSEISGLQEKLSSKEKELALLAEEINILSPLVKKGISPYTNFLNKKQAYIKVKSEINDIESSITLKKDDIELVVNDIEALNNELRLSLSKIISKNLQELEVVNSTLKVIEKQINEEDIYSPVDGVIYKINKSATTHGGVIQAADLLFEIKPKVRTMLADVKILPKYRDQIYVDEAVKLDVQSIIQPKIKSYNATIDNISPDSYEENTGGTIQRYYKVIIAFDVNEDDLRWLKPGMTVDASVITGKHSIMEYLLSPLMKGVDKAFSEPVNTKRLDTP
SiiD	Salmonella_enterica_subsp_enterica_Typhimurium_LT2	lcl|NC_003197.2_prot_NP_463125.1_4114	100.000	100	MNRRQSDHLMMIIISLTILIIILTYFIEINSVVHGQGVITTKDNAQLISLSKGGTIQDIYVAEGDTVKKGELLAKVVNLDLQKEYQRYRTQKGYLDKDVNEISFILDKENESGLITLDGTRSLSNKEVKANIELVHSQIRAKELKKTSLDSEISGLQEKLSSKEKELALLAEEINILSPLVKKGISPYTNFLNKKQAYIKVKSEINDIESSITLKKDDIELVVNDIEALNNELRLSLSKIISKNLQELEVVNSTLKVIEKQINEEDIYSPVDGVIYKINKSATTHGGVIQAADLLFEIKPKVRTMLADVKILPKYRDQIYVDEAVKLDVQSIIQPKIKSYNATIDNISPDSYEENTGGTIQRYYKVIIAFDVNEDDLRWLKPGMTVDASVITGKHSIMEYLLSPLMKGVDKAFSEPVNTKRLDTP
SiiD	Salmonella_enterica_subsp_enterica_Typhi	lcl|NZ_CP029897.1_prot_WP_001081932.1_4287	99.765	100	MNRRQSDHLMMIIISLTILIIILTYFIEINSVVHGQGVITTKDNAQLISLSKGGTIQDIYVAEGDTVKKGELLAKVVNFDLQKEYQRYRTQKGYLDKDVNEISFILDKENESGLITLDGTRSLSNKEVKANIELVHSQIRAKELKKTSLDSEISGLQEKLSSKEKELALLAEEINILSPLVKKGISPYTNFLNKKQAYIKVKSEINDIESSITLKKDDIELVVNDIEALNNELRLSLSKIISKNLQELEVVNSTLKVIEKQINEEDIYSPVDGVIYKINKSATTHGGVIQAADLLFEIKPKVRTMLADVKILPKYRDQIYVDEAVKLDVQSIIQPKIKSYNATIDNISPDSYEENTGGTIQRYYKVIIAFDVNEDDLRWLKPGMTVDASVITGKHSIMEYLLSPLMKGVDKAFSEPVNTKRLDTP
SiiD	Salmonella_enterica_subsp_enterica_Infantis	lcl|CP052796.1_prot_QJV25802.1_4151	99.765	100	MNRRQSDHLMMIIISLTILIIILTYFIEINSVVHGQGVITTKDNAQLISLSKGGTIQDIYVAEGDTVKKGELLAKVVNLDLQKEYQRYRTQKGYLDKDVNEISFILDKENESGLITLDGTRSLSNKEVKANIELVHSQIRAKELKKTSLDSEISGLQEKLSSKEKELALLSEEINILSPLVKKGISPYTNFLNKKQAYIKVKSEINDIESSITLKKDDIELVVNDIEALNNELRLSLSKIISKNLQELEVVNSTLKVIEKQINEEDIYSPVDGVIYKINKSATTHGGVIQAADLLFEIKPKVRTMLADVKILPKYRDQIYVDEAVKLDVQSIIQPKIKSYNATIDNISPDSYEENTGGTIQRYYKVIIAFDVNEDDLRWLKPGMTVDASVITGKHSIMEYLLSPLMKGVDKAFSEPVNTKRLDTP
SiiD	Salmonella_bongori	lcl|NZ_CP053416.1_prot_WP_001080578.1_2030	95.765	100	MNRKQSDHLMMIIMSLTILIIILTYFIEINSVVHGQGVITTKDNAQLISLSKGGTIQNIYVTEGDAVKKGELLAKVVNLDLQKEYQRYRTQKGYLDKDVNEISFILDKGNESGLITLDGIRTLSNKEVKANIELVHSQIRAKELKKSSLDSEISGLQEKLSSKEKELALLAEEINILSPLVKKGISPYTNFLNKKQAYIKVKSEINDIDSSITLKKDDIELVANDIKALNNELRLSLSKIISKNLQELEVVNSTLKVIEKQINEEDIYSPVDGVIYKINKSATTHGGVIQAADLLFEIKPKVKTMLADVKIQPKYRDQIYVDEAVKLDVQSIIQPKIKSYSATIDNISPDSYEENTGGTIQRYYKVIIAFDVNEDDLRWLKPGMTVDASIITGKHSIMEYLLSPLMKGVDKAFTEPVNTKRLNTP
SiiD	Salmonella_enterica_subsp_diarizonae	lcl|NZ_CP029989.1_prot_WP_024149523.1_4669	91.726	99	MNRKQSDRLMMIIITLTIMIVILTYFVKINSVVHGQGVITTKDNAQLISLSKGGTIQDIYVTEGDTVKKGELLAKIVNLDLQKEYQRYKTQKGYLDKDVNEISFILDKRNEDGLISLDGVSSLSNKEVKANIELVHSQIRTKELKKNSLDSEIDGLQEKLNSKEKELALLAEEINILSPLVKKGISPYTNFLNKKQVYIKVKSEINDIESSITLKKDDIELVGNDIKALNNELRLSLSKLISKNQQELEVVNSTLNVIEKQLDEEDIYSPVDGVIYKINKSATTHGGVIQAADLLFEIKPKVKTMLADVKIPPKYRDQIYLDEAVKLDVQSIIQPKMKSYSATIDNISPDSYEENTGGTIQRYYKVIISFDVNEDDLRWLKPGMTVDASIITGKHSIMEYLLSPLMKGVDKAFSEPVNTKRLN
SiiD	Salmonella_enterica_subsp_arizonae	lcl|LR134156.1_prot_VEA79478.1_5254	92.519	94	LTYFVKINSVVHGQGVITTKDNAQLISLSKGGTIQDIYVTEGDTVKKGELLAKIVNLDLQKEYQRYKTQKGYLDKDVNEISFILDKRNEDGLISLDGVSSLSNKEVKANIELVHSQIRTKELKKNSLDSEIDGLQEKLNSKEKELALLAEEINILSPLVKKGISPYTNFLNKKQVYIKVKSEINDIESSITLKKDDIELVGNDIKALNNELRLSLSKLISKNQQELEVVNSTLNVIEKQLDEEDIYSPVDGVIYKINKSATTHGGVIQAADLLFEIKPKVKTMLADVKIPPKYRDQIYLDEAVKLDVQSIIQPKMKSYSATIDNISPDSYEENTGGTIQRYYKVIISFDVNEDDLRWLKPGMTVDASIITGKHSIMEYLLSPLMKGVDKAFSEPVNTKRLN
SiiE	Salmonella_enterica_subsp_enterica_Typhimurium_LT2	lcl|NC_003197.2_prot_NP_463126.1_4115	100.000	100	MGNKSIQKFFADQNSVIDLSSLGNAKGAKVSLSGPDMNITTPRGSVIIVNGALYSSIKGNNLAVKFKDKTITGAKILGSVDLKDIQLERIDSSLVDSAQVEKKGNGKRRNKKEEEELKKQLDDAENAKKEADKAKEEAEKAKEAAEKALNEAFEVQNSSKQIEEMLQNFLADNVAKDNLAQQSDASQQNTQAKATQASKQNDAEKVLPQPINKNTSTGKSNSSKNEENKLDAESVKEPLKVTLALAAESNSGSKDDSITNFTKPQFVGSTAPNATVIIKINGIAVGQAVADSLGNFTFTAPETLTDGTYNLEAEAKTADGSGSAKLVITIDSVTDKPTFELSPESSVSGHKGLTPTLTPSIVGTAEENAKVDIYVDNKLVASVDVDKDGNWSYEFKDNELSEGENSIKVVAVDKAGNKNETTDSIITDTIAPEKPTIELDDSSDSGIKNDNITNSTLPTFIGVAEPGSTVSIYLGLKHLGEVIVAKDGTWSYTLTTPLKDGEYNITATATDIAGHTSATANLPFTIDTRISYFSAEIETTNDSGIVGDNVTNNTRPTFTGKTEPNAIISVINSETGEEVIFKANDKGEWTFNFTSDSVEGINNLTFTVEDVAGNKKDFSFSYVIDTIAPVPPTVSLEDYVVLPNGIILSGNDLPALVGTAEPKSTILLMRDGKLYDSIEVDSNGTWNYQFSNKFLQGAYDIEIISQDAAGNKSSTVKYSFTIQTEVVPPKAELDASDDSGAKGDWITNKHNALTLLGTADRFATVNILIDGKTIGVTTADADGNWNFDISRNLSDNVYKITVESIDPLGRTSSVDYQLTIDSFTPIPTVMLHDSADSGVKGDMITKINTPLFTGMAEANAKVSIYVDGVLSGEAIAGDDGVWNFQFTTALSDGSHDVTVKVEDIAGNTASSSAYNFQIVTQTQKPTIELVNDTGVDNTDHIINEKNPALTGTAAPYSTVKLYIDGALIAEVRTNKDGRWEYTLKADQGLVDGDHRITASVEDIAGNIAHSDPFLISVDTAISIPIVSLSPDSDSGISDDNLTNIVKPTLHLKDIDPDIISVQVWDAMSDTQIGVATQQPDGSWAYTFTSDLTEGLHQVYVKVEDIAGNKANSAIFDFTIDTTVSTPVISLLSKDDTGVTGDNLTNINKPGFAISGVDADAHRVVVQVMHNGVSEEIELSHLNGSWLFIPGNTWADGSYTLTVKVEDKAGNTNYSAPLTVVIDTQIAIDGVELVNDSGVKGDNMTNDDRPHFRVTVPTDVNEVRLSIDGGNSWVQATPGVAGSWEYIWPTDLADGQYTLTVEATDKAGNTVTKTIDFAVDTTLSVPVIVLDSADDTGIQGDNMTNSTQPTFALQHIDDDAVRVTVSVEHGGVTTTFDATKGTGGWTFTPPTSWADGDYTLSVSVEDKAGNTSHSASLTVTVDTQIAINNIELVNDSGIPDDNLTNNVRPHFQVTVPTDVNVVRLSIDGGKTWFNATQSATPGVWDYIWPDDVADGGYTLTVEATDEAGNKATQTLDFTIDTTLSVPTLSLDSADDSGIAGDNITNVKTPGFTLNNIDTDVSRVIVEVMHNGIKQEVPLVQTGGQWRFAPTSDWADGDYILTVKVEDRAGNVKQSAPLTVTVDTHIAIDRIELVNDSGIPGDNLTNEARPHFQVTVPADVNGVRLSIDGGKTWFDATQSATSGVWDYTWLTNVANGPHTLMVEASDKAGNKTTQKLDFTIDTILSEPTITLDSADDSAAGDNITNVKMPGFTLGNIDADVTKVVVTVAHDGKNQQIELIKNGGVWRFTPGAAWTDGDYTLTVKVEDKAGNTNYSAPLTVTIDTQTSIDRIELLNDTGIVGDNLTNEARPQFHITVPTDVNSVQLSLDGGINWVNATLTSDGVWEYIWPTDLVENTYTLTVKATDVAGNTATETLNFIIDTTLSTPTITLDSADDSGTANDNKTNVKTPGFIIGGIDSDVTQVVVQVMRDGHSEEVELTQTNGQWRFVPGSAWTDGDYTLTVTVKDEAGNIRHSAPLTVTIDTQITIDHIELVNDSGIPDDNLTNNVRPHFQVTVPTDVNVVRLSIDGGKTWFNATQSATPGVWDYTWLADVGEGKHTLTVEATDKAGNKTTQQLDFIIDTLLSEPTIVLDSTDDSGTKGDHLTNVNKPTFLLGNIDADARYVTVEVQHGGTKEVLTATKDATGNWSVTPTGTWADGDYTLTVRVEDEAGNEKHSASLTVTVDTQITIDVIELVNDNGIPGDNMTNDAHPQFRVTVPGDVNEVSLSIDGGVTWVKATQSATPGVWNYTWPGTVPDGDYTLNVKATDNAGNTVTETLHFTIDTTLSTPVIVLDSADDSGVHGDNMTNHTQPTFALQHIDDDAVRVTVSVEHGGVTTTFDATKDAGGWTFTPTGAWADGDYTLSVSVEDKAGNTSHSASLTVTVDTQIAINNIELVNDSGIPDDNLTNNVRPHFQVTVPTDVNVVRLSIDGGKTWFNATQSATPGVWDYTWLADVGEGKHTLTVEATDKAGNKTTQQLDFIIDTLLSEPTIVLDNTDDSGTKGDNLTNVNKPTFLLGNIDADARYVTVEVQHGGTKEVLTATKGATGIWSVTPTGTWADGDYTLTVRVEDDAGNVKYSAPLTVTVDTQITIDVIELVNDNGIPGDNLTNDVRPHFRVTVPGDVNEVRLSIDGGNTWVRATQGTAGIWDYTWPKDVTDGLHTLTVEATDKAGNKTTQTLDFTIDTRLSTPTIAMDSRDDTGAIGDHITSVKRPGFTIGNIDADAHSVILRITQGGNSQEVTLTQVGGQWRFTPDADWADGSYTLTVEVTDNAGNVRQSTPLVVTVDTQTSITDITLVNDHGVPDDNLTNSTRPQFEITVPADVNSVQLSIDGGANWVSATQGIEGVWGYTWPTDMGDGKHTLTVMVTDRAGNTATQTLEFFIDTRLSTPTIALDSTDDTGTPGDDMTNRTRPTFILQNIDSDVINVTVSVTHNGTTTSFTATQGAGGWSFTPPAPWGDGDYTLTVTVEDRAGNTRPSTPLTVTVDTQIAIDRIELVNDSGVPGDNVTKHVRPQFQISVPDDVEKVLLSIDGGTTWVTAIKSSTAGIWDYTWPTDMPEGQHTLTVEVTDGAGNKMTETLNFTIDITLLTPTIELAPDQDTGQNKNDNLTSVTQPVFVLGSIDKDVRHVELSIEHNGTFKTVVLTESADGWRYRPDSALADGSYTFTVTVTDVAGNQQTSAPLKVTIDGTLTTPVIELAAGEDSGTVGDRLTNHDRPVFDIHQVDSDVTRVMVKVTYNGKTHEEAAVFTNGQWRFTPSASWADGSYQLAVVVEDLAGNVKESAPFEVRIDTTTTINNIVLLNDTGVQNDQLTNVAKPSFRIDVPGDVVQVRVTLDGGANWNVIRKNADGQWIFDSPNTLVDGTYTLRVEATDEAGNIANKDLVFNIDTNIQVPTIALDAGQDTGANTADNITNISRPTFTIGNVDPDVIKVVVTIDGHDYNATKVGAGWQFTPGNAIPDGSYNITVTVEDKAGNTATSKPLPVVIDTTAEIESVTLVTDSGDSDVDNITKVDKPQFSIVTADDITHVRVKIDNAANWIELTKGGDGRWIFNVGSALPDGQHTLLVDVTDIAGNVAQETLQFTIDTTLREPTIVLDPTHDTGDDTNDNLTRINKPVFIIGNVDNDVSHIVVHIDGRDYTIENTGGNLTFTPDQPLSDGQHTISVTVTDIAGNTKTSAELRIEIDTQVQIDSVTLTTDSGVNDHDNVTNATRPSFEIATPDDVTSVLVSFDGVNWTPISKNAAGQWEFTAGSALPDGHYTLHVQATDRAGNTANSTLGFTVDTQIDGLSVVMLDDAGKDSTDGITNITSPRFEISAREPLQSVTVILNGKSSTLTQGAGNKWLFTPDTPLVDGTYKIEIVAEDIAGNKISKEVSFTIDTIVSDPSIDLLDADDTGESAVDNITSVTTPRFVIGNVPADIDTVVIRINGVSYPVTANGNNLWEFQVPVALNDGVYEAVVVFRDIAGNTSETKLPFTIDTTTSVSVRMEPASDTGNSNSDNLTNKQNPKFEGTAEPNAKLVITIVDDKSGREVLKQTITVGADGNWSVTPNILPDGMYTINVVATDVAGNTAQTQERFTIDTVTIDPTIRLSDPSIDDQHEATSLRPEFKGFAEAFSTIMIQWDGKVVGSANANANGEWSWTPPSVLAPGSYVVSIVAKDKAGNESSQVDFPVVIPVIDVTPPTIKLSEESDSGALGDFTTNNKTPTLIGSTLPNTIVSIYVDGVKVGEATADTAGRYTFQLSEMKDGHYVVQVGIVNPRDNSELRSTAVDVTIDTEVAELVWNISGMHEGGYINTVTPEIGGTSEPNSKITIFVNGVEKAIAYTTGAGHWGVVLPALGNDGNYELTFKVEDVAGNIREFGPQNVILDTVISPLTVVLREADDSGKVGDWITNKSHVTIDGTAEAGSTLTIRNPQGVVIATLVVGNDGRWSAELDLREGSNAFVVVSEDKAGNSQQKEILIEHDTQIEISDISLSRDTNSGDKYDLITNNKSPVLVAMTDPGATVQVYINGVLQGTVEASSSGNISYTMPANSADGEYQVQFVATDTAGNRVESAITTVTIDSQIAVFDIDEDSLPALSNNRALSVSGVGEAGSQVSIFVDGKLVNVVMVEADGTWRAPILLQDDGTFNIHFSITDVAGNTEVSKDYSVDVDSSTDFPTLNLEDASNSGSLDDLITNHNKPVLVGTAEAGATIHIYVDEKIVANVLVLEDGTWSYQFDNALKDGEYSIRVVAEDPAGNTAESPRLLVTIDTSTFIDNPAMVAGSDNGIFSNDSITSQTRPTFSIFGEMNQSVQIFIDGVLVDTITVTDRNQVYRPESPLGDGSHSIYYVITDKAGNTATSKTLNFTIDTFNTTPVAIDSIGGQTLAEMTGSDGKIYITDTTRNLLFSGSAEPNSKIEIIINGLNVGEVWVNEKGHWQMPVNPLYFTEGQLDITVKSTDRAGNVNQEKYSIWVDTHIKVFTSELDDNKSSSKTEWWSNSDLITMRGTGEIGATVSLIVAGVTLATAVVAATGRWELSTDKLPEGTYDISLVIEDSAGNRWEDVREIFIDRTPPNAPVVTYSDIVNDLIIMQGTAEAKSQLIITDSEGNTYTLTVPDNGKWSMAIPYPSEGKFTITSVDAIGNRSDDVPLDIMKEVPVISLSPDSDSGTVGDNITRDKQPTFIIGNLESDVVVVQVDINGTVYNAEKNADGVWFFTPGTPLADGSYTISVIASDAAGNQKNSLPITVTIDSTLTVPEIALAAGEDNGASDSDNVTNHTQPKFTLQHIDADVTGVTVNVTHNGVTDIYQATQGADGWTFTPPAAWNDGNYTLSVTVVDRAGNSQQSASLAVTVDSTVTVTADSQHDDASDDATATAVTPPESETVNAESATHLRTEPSAAEESVVKVTAYSITLLNADSGDEIDRSISQTPSFEISVPENIVNVSIMFEGEEFTLPITNQKAIFEVPLSLEDGEYTMDVKFIDKDNDFLIKEKTFSVDHSSADIVNAMNVRGKTEDDINDSPSTSSVGHNNNGAIDVFAVNEVTLPVDNQEEHA
SiiE	Salmonella_enterica_subsp_enterica_Paratyphi_B	lcl|NC_010102.1_prot_WP_000527230.1_4173	99.137	100	MGNKSIQKFFADQNSVIDLSSLGNAKGAKVSLSGPDMNITTPRGSVIIVNGALYSSIKGNNLAVKFKDKTITGAKILGSVDLKDIQLERIDSSLVDSAQVEKKGNGKRRNKKEEEELKKQLDDAENAKKEADKAKEEAEKAKEAAEKALNEAFEVQNSSKQIEEMLQNFLADNVAKDNLAQQSDASQQNTQAKATQASKQNDAEKVLPQPINKNTSTGKSNSSKNEENKLDAESVKEPLKVTLALAAESNSGSKDDSITNFTKPQFVGSTAPNATVIIKINGIAVGQAVADSLGNFTFTAPETLTDGTYNLEAEAKTADGSGSAKLVITIDSVTDKPTFELSPESSVSGHKGLTPTLTPSIVGTAEENAKVDIYVDNKLVASVDVDKDGNWSYEFKDNELSEGENSIKVVAVDKAGNKNETTDSIITDTIPPEKPTIELDDSSDSGIKNDNITNSTLPTFIGVAEPGSTVSIYLGLKHLGEVIVAKDGTWSYTLTTPLKDGEYNITATATDIAGHTSATANLPFTIDTRISYFSAEIETTNDSGIVGDNVTNNTRPTFTGKTEPNAIISVINSETGEEVIFKANDKGEWTFNFTSDSVEGINNLTFTVEDVAGNKKDFSFSYVIDTIAPVPPTVSLEDYVVLPNGIILSGNDLPALVGTAEPKSTILLMRDGKLYDSIEVDSNGTWNYQFSNKFLQGAYDIEIISQDAAGNKSSTVKYSFTIQTEVVPPKAELDASDDSGAKGDWITNKHNALTLLGTADRFATVNILIDGKTIGVTTADADGNWNFDISRNLSDNVYKITVESIDPLGRTSSVDYQLTIDSFTPIPTVMLHDSADSGVKGDMITKINTPLFTGMAEANAKVSIYVDGVLSGEAIAGDDGVWNFQFTTALSDGSHDVTVKVEDIAGNTASSSAYNFQIVTQTQKPTIELVNDTGVDNTDHIINEKNPALTGTAAPYSTVKLYIDGALIAEVRTNKDGRWEYTLKADQGLVDGDHRITASVEDIAGNIAHSDPFLISVDTAISIPIVSLSPDSDSGIADDNLTNIVKPTLHLKDIDPDIISVQVWDAMSDTQIGVATQQPDGSWAYTFTSDLTEGLHQVYVKVEDIAGNKANSAVFDFTIDTTVSTPVISLLSKDDTGVTGDNLTNINKPGFAISGVDADAHRVVVQVMHNGVSEEIELSHLNGSWLFIPGNTWADGSYTLTVKVEDKAGNTNYSAPLTVVIDTQIAIDGVELVNDSGVKGDNMTNDDRPHFRVTVPTDVNEVRLSIDGGNSWVQATPGVAGSWEYIWPTDLADGQYTLTVEATDKAGNTVTKTIDFAVDTTLSVPVIVLDSADDTGIQGDNMTNSTQPTFALQHIDDDAVRVTVSVEHGGVTTTFDATKGTGGWTFTPPTSWADGDYTLSVSVEDKAGNTSHSASLTVTVDTQIAINNIELVNDSGIPDDNLTNNVRPHFQVTVPTDVNVVRLSIDGGKTWFNATQSATPGVWDYIWPDDVADGGYTLTVEATDEAGNKATQTLDFTIDTTLSVPTLSLDSADDSGIAGDNITSVKTPGFTLNNIDTDVSRVIVEVMHNGIKQEVPLVQTGGQWRFAPTSDWADGDYILTVKVEDRAGNVKQSAPLTVTVDTHIAIDRIELVNDSGIPDDNLTNEARPHFQVTVPADVNGVRLSIDGGKTWFDATQSATSGVWDYTWLTNVANGPHTLMVEATDKAGNKTTQKLDFTIDTILSEPTITLDSADDSAAGDNITNVKMPGFTLGNIDADVTKVVVTVAHDGKNQQIELIKNGGVWRFTPGAAWTDGDYTLTVKVEDKAGNTNYSAPLTVTIDTQTSIDRIELLNDTGIVGDNLTNEARPQFHITVPTDVNSVQLSLDGGINWVNATLTSDGVWEYIWPTDLVENTYTLTVKATDVAGNTATETLNFIIDTTLSTPTITLDSADDSGTANDNKTNVKTPGFIIGGIDSDVTQVVVQVMRDGHSEEVELTQTNGQWRFVPGSAWTDGDYTLTVTVKDEAGNIRHSAPLTVTIDTQITIDHIELVNDSGIPDDNLTNNVRPHFQVTVPTDVNVVRLSIDGGKTWFNATQSATPGVWDYTWLADVGEGKHTLTVEATDKAGNKTTQQLDFIIDTLLSEPTIVLDNTDDSGTKGDNLTNVNKPTFLLGNIDADARYVTVEVQHGGTKEVLTATKDATGNWSVTPTGTWADGDYTLTVRVEDDAGNVKYSASLTVTVDTQITIDVIELVNDSGTRGDNLTNDANPHFRITVPGDVNEVSLSIDGGVTWVKAMQSATPGVWNYTWPKTVADGDYTLTVKATDNAGNTVTRTLDFTIDTTLSTPVIVLDSADDSGVHGDNMTNHTQPTFALQHIDDDAVRVTVSVEHGGVTTTFDATKDAGGWTFTPTGAWADGDYTLSVSVEDKAGNTSHSASLTVTVDTQIAINNIELVNDSGIPNDNLTNNVRPHFQVTVPTDVNVVRLSIDGGKTWFNATQSATPGVWDYTWLADVGEGKHTLTVEATDKAGNQTTQKLDFIIDTLLSEPTIVLDSTDDSGTKGDNLTNANKPTFILGNIDADARYVTVEVQYGGTKEVLTATKGATGIWSVTPTGTWADGDYTLTVRVEDDAGNVKYSAPLTVTVDTQITIDVIELVNDNGIPGDNLTNDVRPHFRVTVPGDVNEVRLSIDGGNTWVRATQGTAGIWDYTWPKDVTDGLHTLTVEATDKAGNKTTQTLDFTIDTRLSTPTITMDSRDDTGAIGDHITSVKRPGFTIGNIDSDAQSVILRITQGGNSQEVTLTQVGGQWRFTPDADWADGSYTLTVEVTDNAGNVRQSTPLIVTVDTQTSITDITLVNDHGVPDDNLTNSTRPQFEITVPADVNSVQLSIDGGANWVSAAQGIEGVWGYTWPTDMGDGKHTLTVMVTDRAGNTATQTLEFFIDTRLSTPTIALDSTDDTGTPGDDMTNRTRPTFILQNIDSDVINVTVSVTHNGTTTSFTATQGAGGWSFTPPAPWGDGDYTLTVTVEDRAGNTRPSTPLTVTVDTQIAIDHIELVNDSGVPGDNVTKHVRPQFQISVPDDVEKVLLSIDGGTTWVTAIKSSTAGIWDYTWPTDMPEGQHTLTVEVTDGAGNKMTETLNFTIDITLMTPTIELAPDQDTGQNKNDNLTSVTQPVFVLGSIDKDVRHVELSIEHNGTFKTVVLTESADGWRYRPDSALADGSYTFTVTVTDVAGNQQTSAPLKVTIDGTLTTPVIELAAGEDSGTVGDRLTNHDRPVFDIRQVDSDVTRVMVKVTYNGKTHEEAAVFTNGQWRFAPSASWADGSYQLAVVVEDLAGNVKESAPFEVRIDTTTTINNIVLLNDTGVQNDQLTNVAKPSFRIDVPGDVVQVRVTLDGGANWNVIRKNADGQWIFDSPNTLVDGTYTLRVEATDEAGNIANKDLVFNIDTNIQVPTIALDAGQDTGANTADNITNISRPTFTIGNVDPDVIKVVVTIDGHDYNATKVGAGWQFTPGNAIPDGSYNITVTVEDKAGNTATSKPLPVVIDTTAEIESVTLVTDSGDSDVDNITKVDKPQFSIVTADDITHVRVKIDNAANWIELTKGGDGRWIFNVGSALPDGQHTLLVDVTDIAGNVAQETLQFTIDTTLREPTIVLDPTHDTGDDTNDNLTRINKPVFIIGNVDNDVSHIVVHIDGRDYTIENTGGNLTFTPDQPLSDGQHTISVTVTDIAGNTKTSAELRIEIDTQVQIDSVTLTTDSGVNDHDNVTNATRPSFEIATPDDVTSVLVSFDGVNWTPISKNAAGQWEFTAGSALPDGNYTLHVQATDRAGNTANSTLGFTVDTQIDGLSVVMLDDAGKDSTDGITNITSPRFEISAREPLQSVTVILNGKSSTLTQGAGNKWLFTPDTPLVDGTYKIEIVAEDIAGNKISKEVSFTIDTIVSDPSIDLLDADDTGESAVDNITSVTTPRFVIGNVPADIDTVVIRINGVSYPVTANGNNLWEFQVPVALNDGVYEAVVVFRDIAGNTSETKLPFTIDTTTSVSVRMEPASDTGNSNSDNLTNKQNPKFEGTAEPNAKLVITIVDDKSGREVLKQTITVGADGNWSVTPNILPDGMYTINVVATDVAGNTAQTQERFTIDTVTIDPTIRLSDPSIDDQHEATSLRPEFKGFAEAFSTIMIQWDGKVVGSANANANGEWSWTPPSVLAPGSYVVSIVAKDKAGNESSQVDFPVVIPVIDVTPPTIKLSEESDSGALGDFTTNNKTPTLIGSTLPNTIVSIYVDGVKVGEATADTAGRYTFQLSEMKDGHYVVQVGIVNPRDNSELRSTAVDVTIDTEVAELVWNISGMHEGGYINTVTPEIGGTSEPNSKITIFVNGVEKAIAYTTGAGHWGVVLPALGNDGNYELTFKVEDVAGNIREFGPQNVILDTVISPLTVVLREADDSGKVGDWITNKSHVTIDGTAEAGSTLTIRNPQGVVIATLVVGNDGRWSAELDLREGSNAFVVVSEDKAGNSQQKEILIEHDTQIEISDISLSRDTNSGDKYDLITNNKSPVLVAMTDPGATVQVYINGVLQGTVEASSSGNISYTMPANSADGEYQVQFVATDTAGNRVESAITTVTIDSQIAVFDIDEDSLPALSNNRALSVSGVGEAGSQVSIFVDGKLVNVVMVEADGTWRAPILLQDDGTFNIHFSITDVAGNTEVSKNYSVDVDSSTDFPTLNLEDASNSGSLDDLITNHNKPVLVGTAEAGATIHIYVDEKIVANVLVLEDGTWSYQFDNALKDGEYSIRVVAEDPAGNTAESPRLLVTIDTSTFIDNPAMVAGSDNGIFSNDSITSQTRPTFSIFGEMNQSVQIFIDGVLVDTITVTDRNQVYRPESPLGDGSHSIYYVITDKAGNTATSKTLNFTIDTFNTTPVAIDSIGGQTLAEMTGSDGKIYITDTTRNLLFSGSAEPNSKIEIIINGLNVGEVWVNEKGHWQMPVNPLYFTEGQLDITVKSTDRGGNVNQEKYSIWVDTHIKVFTSELDDNKSSSKTEWWSNSDLITMRGTGEIGATVSLIVAGVTLATAVVAATGRWELSTDKLPEGTYDISLVIEDSAGNRWEDVREIFIDRTPPNAPVVTYSDIVNDLIIMQGTAEAKSQLIITDSEGNTYTLTVPDNGKWSMAIPYPSEGKFTITSVDAIGNRSDDVPLDIMKEVPVISLSPDSDSGTVGDNITRDKQPTFIIGNLESDVVVVQVDINGTVYNAEKNADGVWFFTPGTPLADGSYTISVIASDAAGNQKNSLPITVTIDSTLTVPEIALAAGEDNGASDSDNVTNHTQPKFTLQHIDADVTGVTVNVTHNGVTDIYQATQGADGWTFTPPAAWNDGNYTLSVTVVDRAGNSQQSASLAVTVDSTVTVTADSQHDDASDDATATAVTPPESETVNAESATHLRTVPSAAEESVVKETAYSITLLNADSGDEIDRSISQTPSFEISVPENIVNVSVMFEGEEFTLPITNQKAIFEVPLSLEDGEYTMDVKFIDKDDDFLIKEKTFSVDHSSADIVNAMNARGKTEDDINDSPSTSSVGHNNNGAIDVFAVNEVTLPVDNQEEHA
SiiE	Salmonella_enterica_subsp_enterica_Typhi	lcl|NZ_CP029897.1_prot_4288	98.273	100	MGNKSIQKFFADQNSVIDLSSLGNAKGAKVSLSGPDMNITTPHGSVIIVNGALYSSIKGNNLAVKFKDKTITGAKILGSVDLKDIQLERIDSSLVDSAQVEKKGNGKRRNKKEEEELKKQLDEAENAKKEADKAKEEAEKAKEAAEKTLNEAFEVQNSSKQIEEMLQNFLADNVAKDNLAQQSDASQQNTQAKATQASKQNDAEKVLPQPINKNTSTGKSNSSKNEENKLDAESVKEPLKVTLALAAESNSGSKDDSITNFTKPQFVGSTAPNATVIIKINGIAVGQAVADSLGNFTFTAPETLTDGTYNLEAEAKTADGSGSAKLVITIDSVTDKPTFELSPESSVSGHKGLTPTLTPSIVGTAEENAKVDIYVDNKLVASVDVDKDGNWSYEFKDNELSEGENSIKVVAVDKAGNKNETTDSIITDTIPPEKPTIELDDSSDSGIKNDNITNSTLPTFIGVAEPGSTVSIYLGLKHLGEVIVAKDGTWSYTLTTPLKDGEYNITATATDIAGHTSATANLPFTIDTRISYFSAEIETTDDSGIVGDNVTNNTRPTFTGKTEPNAIISVINSETGEEVIFKANDKGEWTFNFTSDSVEGVNNLTFTVEDVAGNKKDFSFSYVIDTVAPVPPTVSLEDFVVLPNGIILSGNDLPALVGTAEPKSTILLMRDGKLYDSIEVDSNGTWNYQFSNKFLQGAYDIEIISQDAAGNKSSTVKYSFTIQTEVVPPKAELDASDDSGAKGDWITNKHNALTLLGTADRFATINILIDGKTIGVTTADADGNWNFDISRNLSDNVYKITVESIDPLGRTSSVDYQLTIDSFTPIPTVMLHDSAGSGVKGDMITKINTPLFTGMAEANAKVSIYVDGVLSGEAIAGDDGVWNFQFTTALSDGSHDVTVKVEDIAGNTASSSAYNFQIVTQTQKPTIELVNDTGVDNTDHIINEKNPALTGTAAPYSTVKLYVDGALIAEVRTNKDSRWEYTLKADQGLVDGDHRITASVEDIAGNIAHSDPFLISVDTAISIPIVSLSPDSDSGIADDNLTNIVNPTLHLKDIDPDIISVQVWDAASDTQIGVATQQPDGSWTYTFTSDLTEGLHQVYVKVEDIAGNKANSAVFDFTIDTTVSTPVISLLSKDDTGVTGDNLTNINKPGFAISGVDADAHRVVVQVMHNGVSEEIELSHLNGSWLFTPGNTWADGSYTLTVKVEDKAGNTSYSAPLTVVIDTQIAIDGVELVNDSGVKGDNMTNDDRPHFRVTVPTDVNEVRLSIDGGNSWVQATPGVAGSWEYIWPTDLADGQYTLTVEATDKAGNTVTKTIDFAVDTTLSVPVIVLNSADDTGVQGDNMTNRTQPTFALQHIDDDAVRVTVSVEHGGVTTTFDATKGTGGWTFTPTGAWADGDYTLSVSVEDKAGNTSHSASLTVTVDTQIAINNIELVNDSGIPNDNLTNNVRPHFQVTVPTDVNVVRLSIDGGKTWFNATQSATPGVWDYIWPDDVADGGYTLTVEATDEAGNKATQTLDFTIDTTLSVPTLSLDSADDSGIAGDNITSVKTPGFTLNNIDTDVSRVIVEVMHNGIKQEVPLVQTGGQWRFAPTSDWADGGYILTVKVEDRAGNVKQSAPLTVTVDTHIAIDRIELVNDSSIPDDNLTNEARPHFQVTVPADVNGVRLSIDGGKTWFDATQSATSGVWDYTWLTNVANGPHTLMVEATDKAGNKTTQKLDFIIDTLLSEPTITLDSADDSAAGDNITNVKMPGFTLGNIDADVTKVVVTVAHDGKNQQIELIKNGGVWRFTPGAAWTDGDYTLTVKVEDKAGNTNYSAPLTVTIDTQTSIDRIGLLNDTGIVGDNLTNEARPQFHITVPTDVNSVQLSLDGGINWVNATLTSDGVWEYIWPTDLVENTYTLTVKATDVAGNTATETLNFIIDTTLSTPTITLDSADDSGTANDNKTNVKTPGFIIGGIDSDVTQVVVQVMRDGHSEEVELTQTNGQWRFVPGSAWTDGDYTLTVTVKDEAGNIRHSAPLTVTIDTQITIDHIELVNDSGIPDDNLTNNVRPHFQVTVPTDVNVVRLGIDGGKTWFNATQSATPGVWDYTWLADVGEGKHTLTVEATDKAGNKTTQQLDFIIDTLLSEPTIVLDSTDDSGTKGDNLTNVNKPTFLLGNIDADARYVTVEVQHGGTKEVLTATKDATGNWSVTPIGTWADGDYTLTVRVEDEAGNEKHSASLTVTVDTQITIDVIELVNDNGIPGDNMTNDAHPQFRVTVPGDVNEVSLSIDGGVTWVKAMQSATPGVWNYTWPKTVADGDYTLTVKATDNAGNTVTRTLDFTIDTTLSTPVIVLDSADDSGVHGDNMTNRTQPTFALQHIDDDAVRVTVSVEHGGVTTTFDATKDAGGWTFTPTGAWADGDYTLSVSVEDKAGNTSHSASLTVTVDTQIAINNIELVNDSGIPNDNLTNNVRPHFQVTVPTDVNVVRLSIDGGKTWFNATQSATPGVWDYTWLADVGEGKHTLTVEATDKAGNKTTQQLDFIIDTLLSEPTIVLDNTDDSGTKGDNLTNVNKPTFLLGNIDADARYVTVEVQHGGTKEVLTATKGATGIWSVTPTGTWADGDYTLTVRVEDDAGNVKYSAPLTVTVDTQITIDVIELVNDNGIPGDNLTNDVRPHFRVTVPGDVNEVRLSIDGGNTWVRATQGTAGIWDYTWPKDVTDGLHTLTVEATDKAGNKTTQTLDFTIDTRLSTPTIAMDSRDDTGAIGDHITSVKRPGFTIGNIDADAHSVILRITQGGNSQEVTLTQVGGQWRFTPDADWADGSYTLTVEVTDNAGNVRQSTPLVVTVDTQTSITDITLVNDHGVPDDNLTNSTRPQFEITVPADVNSVQLSIDGGANWVSATQGIEGVWGYTWPTDMGDGKHTLTVMVTDRAGNTATQTLEFFIDTRLSTPTIALDSTDDTGTPGDDMTNRTRPTFILQNIDSDVINVTVSVTHNGTTTSFTATQGAGGWSFTPPAPWGDGDYTLTVTVEDRAGNTRPSTPLTVTVDTQIAIDHIELVNDSGVPGDNVTKHVRPQFQISVPDDVEKVLLSIDGGTTWVTAIKSSTVGIWDYTWPTDMPEGQHTLIVEVTDGAGNKMTGTLDFTIDITLLTPTIELAPDQDTGQNKNDNLTSVTQPVFVLGSIDKDVRHVELSIEHNGTFKTVVLTESADGWRYRPDSALADGSYTFTVTVTDVAGNQQTSAPLKVTIDGTLTTPVIELAAGEDSGTVGDRLTNHDRPVFDIRQIDSDVTRVMVKVTYNGKTHEEAAVFTNG*WRFTPSASWADGSYQLAVVVEDLAGNVKESAPLEVRIDTTTTINNIVLLNDTGVQNDQLTNVAKPSFRIDVPGDVVQVRVTLDGGANWNVIRKNADGQWIFDSPNTLVDGTYTLRVEATDEAGNIANKDLVFNIDTNIQVPTIALDAGQDTGANTADNITNISRPTFTIGNVDPDVIKVVVTIDGHDYNATKVGAGWQFTPGNAIPDGSYNITVTVEDKAGNTATSKPLPVVIDTTAEIESVTLVTDSGDSDVDNITKVDKPQFSIVTADDITHVRVKIDNAANWIELTKGGDGRWIFNVGSALPDGQHTLLVDVTDIAGNVAQETLQFTIDTTLREPTIVLDPTHDTGDDTNDNLTRINKPVFIIGNVDNDVSHIVVHLDGRDYTIENKGGNLTFTPDQPLSDGQHTISVTVTDIAGNTKTSAELQIEIDTQVQIDSVTLTTDSGVNDHDNVTNATRPSFEIATPDDVTSVLVSFDGVNWTPISKNAAGQWQFTAGSALSDGHYTLHVQATDRAGNTANSTLGFTVDTQIDGLSVVMLDDAGKDSTDGITNITSPRFEISAREQLQSVTVILNGKSSTLTQGAGNKWLFTPDTPLVDGTYKIEIVAEDIAGNKISKEVSFTIDTIVSDPSIDLLDADDTGESAVDNITSVTTPRFVIGNVPADIDTVVIRINGVSYPVTANGNNLWEFQVPVALNDGVYEAVVVFRDIAGNTSETKLPFTIDTTTSVSVRMEPASDTGSSNSDNLTNKQNPKFEGTAEPNAKLVITIVDDKSGREVLKHTITVGADGNWSVTPNILPDGMYTINVVATDVAGNTAQTQERFTIDTVTIDPTIRLSDPSIDDQYEATSLRPEFKGLAEAFSTIMIQWDGKVVGSANANANGEWSWTPPSVLAPGSYVVSIVAKDKAGNESSQVDFPVVIPVIDVTPPTIKLSEESDSGALGDFTTNNKTPTLIGSTLPNTIVSIYVDGVKVGEATADTAGRYTFQLSEMKDGHYVVQVGIVNPRDNSELRSTAVDVTIDTEVAELVWNISGMHEGGYINTVTPEIGGTSEPNSKITIFVNGVEKAIAYTTGAGHWGVVLPALGNDGNYELTFKVEDVAGNIREFGPQNVILDTVISPLTVVLREADDSGKVGDWITNKSHVTIDGTAEAGSTLTIRNPQGVVIATLVVGNDGRWSAELDLREGSNAFVVVSEDKAGNGQQKDILIEHDTQIEISDISLSRDTNSGDKYDLITNNKSPVLVAMTDPGATVQVYINGVLQGTVEASSSGNISYTMPANSADGEYQVQFVATDTAGNRVESAITTVTIDSQIAVFDIDEDSLPALSNNRALSVSGVGEAGSQVSIFVDGKLVNVVMVEADGSWRAPILLQDDGTFNIHFSITDVAGNTQVSKNYSVDVDSSTDFPTLNLEDASNSGSLDDLITNHNKPVLVGTAEAGATIHIYVDEKIVANVLVLEDGTWSYQFDNALKDGEYSIRVVAEDPAGNTAESPRLLVTIDTSTFIDNPAMVAGSDNGIFSNDSITSQTRPTFSIFGEMNQSVQIFIDGVLVDTITVTDRNQVYRPESPLGDGSHSIYYVITDKAGNTATSKTLNFTIDTFNTTPVAIDSIGGQTLAEMTGSDGKIYITDTTRNLLFSGSAEPNSKIEIIINGLNVGEVWVNEKGHWQMPVNPLYFTEGQLDITVKSTDRAGNVNQEKYSIWVDTHIQVFTSELDDNKSSSKTDWWSNSSTITMRGMGEIGATVSLIVAGVTLATAVVAANGQWELSTDQLPEGKYDITLSIEDNAGNRKEEVHEIFIDRTPPNAPVVTYSDIVNDLIIMQGTAEAKSQLIITDSNGNTYTLTVPDNGKWSMAIPYPSEGKFTITSVDAIGNRSDDVPLDIMKEVPVISLSPDSDSGTVGDNITRDKQPTFIIGNLESDVVVVQVDINGTVYNAEKNADGVWFFTPGTPLADGSYTISVIASDAAGNQKNSLPITVTIDSTLTVPEIALAAGEDNGVSDSDNVTNHTQPKFTLQHIDADVTGVTVNVTHNGVTDTYQATQGADGWTFTPPAAWNDGTYTLSVTVVDRAGNSQQSASLAVTVDSTVTVTADSQHDDASDDATPTAVTPPESETVNAESDTHLRTVPSAAEESVVKETAYSITLLNANSGDEIDRSISQTPSFEISVPENIVNVSVMFEGEEFTLPITNQKAIFEVPLSLEDGEYTMDVKFIDKDDDFLIKEKTFSVDHSSADIVNAMNARGKTEDDINDSPSTSSVGHNNNGAIDVFAVNEVTLPVDNQEEHA
SiiE	Salmonella_enterica_subsp_enterica_Infantis	lcl|CP052796.1_prot_QJV25801.1_4150	97.968	100	MGNKSIQKFFADQNSVIDLSSLGNAKGAKVSLSGPDMNITTPRGSVIIVNGALYSSIKGNNLAVKFKDKTITGAKILGSVDLKDIQLERIDSSLVDSAQVEKKGNGKRRNKKEEEELKKQLDEAENAKKEADKAKEEAEKAKEAAEKALNEAFEVQNSSKQMEEMLQEFLADNVAKDNLAQQSDASQQNTQAKATQASKQNDAEKVLPQPINKNTSTGKSNSSKNEENKLDAESVKEPLKVTLALAAESNSGSKDDSITNFTKPQFVGSTAPNATVIIKINGIAVGQAVADSLGNFTFTAPETLTDGTYNLEAEAKTADGSGSAKLVITIDSVTDKPTFELSPESSVSGHKGLTPTLTPSIVGTAEENAKVDIYVDNKLVASVDVDKDGNWSYEFKDNELSEGENSIKVVAVDKAGNKNETTDSIITDTIAPEKPTIELDDSSDSGIKNDSITNSTLPTFIGVAEPGSTVSIYLGLKHLGEVIVAKDGTWSYTLTTPLKDGEYNITATATDIAGHTSATANLPFTIDTRISYFSAEIETTDDSGIVGDNVTNNTRPTFTGKTEPNAIISVINSETGEEVIFKANDKGEWTFNFTSDSVEGVNNLTFTVEDVAGNKKDFSFSYVIDTVAPVPPTVSLEDFVVLPNGIILSGNDLPALVGTAEPKSTILLMRDGKLYDSIEVDSNGTWNYQFSNKFLQGAYDIEIISQDAAGNKSSTVKYSFTIQTEVVPPKAELDASDDSGAKGDWITNKHNALTLLGTADRFATVNILIDGKTIGVTTADADGNWNFDISRNLSDNVYKITVESIDPLGRTSSVDYQLTIDSFTPIPTVMLHDSADSGVKGDMITKINTPLFTGMAEANAKVSIYVDGVLSGEAIAGDDGVWNFQFTTALSDGSHDVTVKVEDIAGNTASSSAYNFQIVTQTQKPTIELVNDTGVDNTDHIINEKNPALTGTAAPYSTVKLYIDGALIAEVRTNKDGRWEYTLKADQGLVDGDHRITASVEDIAGNIAHSDPFLISVDTAISIPIVSLSPDSDSGIADDNLTNIVKPTLHLKDIDPDIISVQVWDAMSDTQIGVATQQPDGSWAYTFTSDLTEGLHQVYVKVEDIAGNKANSAVFDFTIDTTVSTPVISLLSKDDTGVTGDNLTNINKPGFAISGVDADAHRVVVQVMHNGVSEEIELSHLNGSWLFTPGNTWADGSYTLTVKVEDKAGNTNYSAPLTVVIDTQIAIDGVELVNDSGVKGDNMTNDDRPHFRVTVPTDVNEVRLSIDGGNSWVQATPGVAGSWEYIWPTDLADGQYTLTVEATDKAGNTVTKTIDFAVDTTLSVPVIVLDSADDTGIQGDNMTNSTQPTFALQHIDDDAVRVTVSVEHGGVTTTFDATKGTGGWSFTPTGAWADGDYTLSVSVEDKAGNTSHSASLTVTVDTQIAINNIELVNDSGIPNDNLTNNVRPHFQVTVPTDVNVVRLSIDGGKTWFNATQSATPGAWDYIWPDDVADGGYTLTVEATDKAGNKTTQELDFTIDTTLSVPTLSLDSADDSGIAGDNITNVKTPGFTLNNIDTDVSRVTVEVMHNGIKQEVPLVQTGGQWRFAPTSDWADGDYILTVKVEDRAGNVKQSAPLTVTVDTHIAIDRIELVNDSGIPGDNLTNEARPHFQVTVPADVNGVRLSIDGGKTWFDATQSATPGVWDYTWLTNVANGPHTLMVEASDKAGNKTTQKLDFIIDTMLSEPTITLDSADDSAAGDNITNVKMPGFTLGNIDADVTKVVVTVAHDGKNQQIELIKNGGVWRFTPGAAWTDGDYTLTVKVEDKAGNTNYSAPLTVTIDTQTSIDRIELLNDTGIVGDNLTNEARPQFHITVPTDVNSVQLSLDGGINWVNATLTSDGVWEYIWPTDLVENTYTLTVKATDVAGNTATETLNFIIDTTLSTPTITLDSADDSGTANDNKTNVKTPGFIIGGIDSDVTQVVVQVMRDGHSEEVELTQTNGQWRFVPGSAWTDGDYTLTVTVKDEAGNIRHSAPLTVTIDTQIAIDHIELVNDSGIPDDNLTNEARPHFQVTVPTDVNVVRLSIDGGKTWFNATQSATPGVWDYTWLADVGEGKHTLTVEATDKAGNKTTQQLDFIIDTLLSEPTIVLDNTDDSGTKGDNLTNVNKPTFLLGNIDADARYVTVEVQHGGTKEVLTATKDATGNWSVTPTGTWADGDYTLTVRVEDEAGNEKHSASLTVTVDTQITIDAIELVNDNGIPGDNMTNDAHPQFRVTVPGDVNEVSLSIDGGVTWVKATQSATPGVWNYTWPGTVPDGDYTLNVKATDNAGNTVTETLHFTIDTTLSTPVIVLDSADDTGIQGDNMTNRTQPTFNLQHIDDDAVRVTVSVEHGGVTTTFDATKGVGGWTFTPPTSWGAGDYTLSVSVEDKAGNTSHSASLTVTVDTQIAINNIELVNDSGIPDDNLTNNVRPQFQVKVPTDVNEVRLSIDGGKTWFNATQSATPGVWDYTWLADVGEGKHTLTVEATDKAGNQTTQKLDFIIDTLLSEPTIVLDSTDDSGTKGDNLTNANKPTFLLGNIDADARYVTVEVQHGSTKEVLTATKGATGIWSVTPTGTWADGDYTLTVRVEDEAGNVKYSAPLTVTVDTQITIDAIELVNDNGIPGDNLTNDVRPHFRVTVPGDVNEVRLSIDGGNTWVRATQGTAGIWDYTWPKDVTDGLHTLTVEATDKAGNKTTQTLDFTIDTRLSTPTITMDSRDDTGAIGDHITSVKRPGFTIGNIDSDAQSVILRITQGGNSQEVTLTQVGGQWRFTPDADWADGSYTLTVEVTDNAGNVRQSTPLIVTVDTQTSITDITLVNDHGVPDDNLTNSTRPQFEITVPADVNSVQLSIDGGANWVSAAQGIEGVWGYTWPTDMGDGKHILTVMVTDRAGNTATQTLEFFIDTRLSTPTIALDSTDDTGTPGDDMTNRTRPTFILQNIDSDVINVTVSVTHNGTTTSFTATQGAGGWSFTPPAPWGDGDYTLTVTVEDRAGNTRPSTPLTVTVDTQIAIDHIELVNDSGVPGDNVTKHVRPQFQISVPDDVEKVLLSIDGGTTWVTAIKSSTAGIWDYTWPTDMPEGQHTLIVEVTDGAGNKMTGTLDFTIDITLLTPTIELAPDQDTGQNKNDNLTSVTQPIFVLGSIDKDVRHVELSIEHNGTFKTVVLTESADGWRYRPDSALADGSYTFTVTVTDVAGNQQTSAPLKVTIDGTLTTPVIELAAGEDSGTVGDRLTNHDRPVFDIRQVDSDVTRVMVKVTYNGKTHEEAAVFTNGQWRFTPSASWADGSYQLAVVVEDLAGNVKESAPFEVRIDTTTTINNIVLLNDTGVQNDQLTNVAKPSFRIDVPGDVIQVRVTLDGGANWNVIRKNADGQWIFDSPNTLVDGTYTLRVEATDQAGNIANKDLVFNIDTNIQVPTIALDAGQDTGANTADNITNISRPTFTIGNVDPDVIKVVVTIDGHDYNATKVGAGWQFTPGNAIPDGSYNITVTVEDKAGNTATSKPLPVVIDTTAEIESVTLVTDSGDSDVDNITKVDKPQFSIVTADDITHVRVKIDNAANWIELTKGGDGRWIFNVGSALPDGKHTLLVDVTDIAGNVAQETLQFTIDTTLREPTIVLDPTHDTGDDTNDNLTRINKPVFIIGNVDNDVSHIVVHIDGRDYTIENTGGNLTFTPDQPLSDGQHTISVTVTDIAGNTKTSAELQIEIDTQVQIDSVTLTTDSGVNDHDNVTNATRPSFEIATPDDVTSVLVSFDGVNWTPISKNAAGQWEFTAGSALPDGHYTLHVQATDRAGNTANSTLGFTVDTQIDGLSVVMLDDAGKDSTDGITNITSPRFEISAREPLQSVTVILNGKSSTLTQGAGNKWLFTPDTPLVDGTYKIEIVAEDIAGNKISKEVSFTIDTIVSDPSIDLLDADDTGESAVDNITSVTKPRFVIGNVPADIDTVVIRINGVSYPVTANGNNLWEFQVPVALNDGVYEAVVVFRDIAGNTSETKLPFTIDTTTSVSVRMEPASDTGSSNSDNLTNKQNPKFEGTAEPNAKLVITIVDDKSGREVLKHTITVGADGNWSVTPNILPDGMYTINVVATDVAGNTAQTQERFTIDTVTIDPTIRLSDPSIDDQYEATSLRPEFKGLAEAFSTIMIQWDGKVVGSANANANGEWSWTPPSVLAPGSYVVSIVAKDKAGNESSQVDFPVVIPVIDVTPPTIKLSEESDSGALGDFTTNNKTPTLVGNTLPNAIVSIYVDGVKVGEATADTAGRYTFQLSEMKDGHYVVQVGIVNPRDNSELRSTAVDVTIDTEVAELVWNISGMHEGGYINTVTPEIGGTSEPNSKITIFVNGVEKAIAYTTGAGHWGVVLPALGNDGNYVLTFKVEDVAGNIREFGPQNVILDTVISPLTVVLREADDSGKVGDWITNKSHVTIDGTAEAGSTLTIRNPQGVVIATLVVGNDGRWSAELDLREGSNAFVVVSEDKAGNSQQKDILIEHDTQIEISDISLSRDTNSGDKYDLITNNKSPVLVAMTDPGATVQVYINGVLQGTVEASSSGNISYTMPANSADGEYQVQFVATDTAGNRVESAITTVTIDSQIAVFDIDEDSLPALSNNRALSVSGVGEAGSQVSIFVDGKLVNVVMVEADGTWRAPILLQDDGTFNIHFSITDVAGNTEVSKDYSVDVDSSTDFPTLNLEDASNSGSLDDLITSHNKPVLVGTAEAGATIHIYVDEKIVANVLVLEDGTWSYQFDNALKDGEYSIRVVAEDPAGNTAESPRLLVTIDTSTFIDNPVMMAGSDNGIFSNDSITSQTRPAFSIYGEMNQSVQIFIDGVLVDTITVTDRNQVYRPESPLGDGSHSIYYVITDKAGNTATSKTLNFTIDTFNTTPVAIDSIGGQTLAEMTGSDGKIYITDTTRNLLFSGSAEPNSKIEIIINGLNVGEVWVNDKGHWQMPVNPLYFTEGQLDITVKSTDRAGNVNQEKYSIWVDTHIQVFTSELDDNKSSSKTDWWSNSSTITMRGMGEIGATVSLIVAGVTLATAVVAANGQWELSTDQLPEGKYDITLSIEDNAGNRKEEVHEIFIDRTPPNAPVVTYSDIVNDLIIMQGTAEAKSQLIITDSNGNTYTLTVPDNGKWSMAIPYPSEGKFTITSVDAIGNRSDDVPLDIMKETPVISLSPDSDSGTVGDNITRDNQPTFIIGNLESDVVVVQVDINGTVYNAEKNADGVWFFTPGTPLADGSYTISVIASDAAGNQKNSLPITVTIDSTLTVPEIALAAGEGNGASDSDNVTNHNHTQPKFTLQHIDADVTGVTVNVTHNGVTDIYQATQGADGWTFTPPAAWNDGTYTLSVTVVDRAGNSLQSASLEVTVDSTVTVTADSQHDDASDDATATAVTPPESETVNAESATHLRTVPSAAEESVVKETAYSITLLNADSGDEIDRSISQTPSFEISVPENIVNVSVMFEGEEFTLPITNQKAIFEVPLSLEDGEYTMDVKFIDKDDDFLIKEKTFSVDHSSADIVNAMNARGKTEDDINDSPSTSSVGHNNNGAIDVFAVNEVTLPVDNQEEHA
SiiE	Salmonella_bongori	lcl|NZ_CP053416.1_prot_WP_171920770.1_2031	85.131	100	MGNKNVQKFFADQNSVIDLSSLGNAKGAKVSLSGPDMNITTSRGTVIIVNGALYSSIKGNNLAVKFKDKTITGSKILGSVDLKDIQLERIDSSLVDTAQVEKKGNGKQRNKKEDEELKKQLDEAENAKKEADKAKEDAEKAKDAAEKALNEAFEVQNASKQIEEMLQNFLADNVAKDNLAQQSDAAQQNTQTKAAQALKQDDAEKVTPQPVNKNTGTGKSNSSKNEENQFEAEPVKEKLKVTLTLAGESNSGSKDDSITNFTKPQFVGSTAPNATVIIKMNGISVGQAVADGLGNFTFTVSEELTDGTYNLEAEAATADASGSTKLVFTIDSVTDKPTFELAPESSIPGHKGLTPTLTPSIVGTAEENAKVDIYVGNKLVASVDVDKDGKWIYEFKDNELTEGENSIKVVAVDKAGNKNETADSIITDTIPPEKPTLELDDSSDSGVKDDGITNSTLPTFIGVAEPGSTVSLYLGLKHLGDVIVAKDGSWSYTLTTPLKDGEYNLIATATDIAGHTSETTSLPFTIDTRISYFSAAIDAADDSGIVGDNVTNNVRPTFTGKTEPNAVISVRNIDTGEEISFKANDQGEWKFDFASDSVEGLNNLIFTVEDVAGNKKDFSFSYIIDTVAPVVPTISLDDFVVLPNGIILSGNDLPTLVGTAEPKSTILLMRDGKLYDSIEVDSNGTWNYQFDKKLLQGAYDIEIVSQDAAGNKSPSVKYSFTIQTDVVLPKAELEDSDDSGVKGDWITNQYNALTLLGTADKFATVNILIDGKTIGVTTADADGNWTFDISRNLSDNVYKITVEAIDPLGRTASVDYQLTIDSFTPIPTVMLHDSADSGVIGDMITKINTPLFTGIAEANAKVSIYIDGVLSGEAIAGDDGVWNFQSTTILPDGSHNVTVKVEDVAGNTASSSAYNFQIITQTQKPTIELVNDTGIDSTDHIINEKNPALTGTAAPYSTVKLYIDGVLFAEVKTNKDGVWGYTLKPDQGLTDGDYKITATVEDVAGNVAHSDPFSISVDTTISVPVISLSPDSDSGISNDNLTNVVKPTLHLKDIDPDVASVQVWDAVSNKQIGVATQQPDGTWAYTFTSDLTEGKHQVYVKVEDIAGNKASSAVFDFTIDNTISTPVISLLPRDDTGLKGDDLTNINKPVFVINGVDVDAHRVIVQVLHNGVTQKIELSHSNGNWIFTPGDAWADGSYTLTVEVKDKAGNISHSAPLTVTVDTHIAINNVELVNDNGVKGDNMTNDAHPQFRVTVPADVNEVSLSIDGGVTWVKATQSATPGVWNYTWPTTVPDGDYTLAVKATDNAGNTVTETLPFTIDTTLSTPVIVLDDVDDTGDKGDNMTNRTQPTFTLQHIDEDAVSVKVSVEHGGVSTTFNATKGAGGWTFTPTGAWTDGDYTLSVSVEDAAGNTSQSAPLTVTVDTQIAIDRIEMLNDRGIPNDNLTNEVRPHFQVKVPTDVNQVRLSIDDGNTWVTAVLKST-GVWEYIWPDDMVDGSYTLTVEATDVAGNKTTQTLDFTIDTTLSEPTITLDDTDDSGTKGDNITHVKTPGFTLGNIDTDARRVVVEVMHNGSKQEIPLTQSGGKWHFTPTSNWMDGDYILTVKVEDRAGNVKASAPLTVTVDTQIAINSVELVNDTSNPNDNLTKDVRPHFQVTVPTDVNEVRLSIDGGKTWVKATQSATPGVWDYTWLSDVGEGKHTLIVEATDAAGNKATERLDFTIDTTLSEPTITLDSLDDSAAGDNITNVKTPGFTLGNIDADVASVSVTVTHNGKSQQVDLIQTGGQWRFTPGTAWVDGDYTLTVKVEDEAGNINYSAPLTVTIDTQTAIDRIELMNDTSLAGSNLTNELRPQFHIAVPKDVNSVQLSIDGGANWVNATLTAGGVWEYVWPTDLVEGTYTLTVKATDIAGNTATDTLNFTIDNTLSIPTIALDAMDDTGTGNDNTTNVKTPGFIIGGVDADVIQVIVQIAHDGGSEEVELTQSGGQWRFTPGAAWTDGDYTLTVIVKDEAGNISHSSPLTVTIDTQIAIDNIELVNDSGIPDDNLTNDVRPHFQVKVPTDVNEVRLSIDGGTTWVKATQSATKGVWDYTWLSDVGEGKHTLTVEATDAAGNKTTQTLDFTIDTTLSEPTITLDDTNDSGTKGDNLTNVNKPTFLLGNIDADARYVTVEVQHGSTKEVLTATKGTNGVWSVIPTGTWADGSYTLTVRVEDNAENVKYSAPLTVTVDTHVAINNVELVNDNGVKGDNMTNDAHPQFRVTVPVDVKEVSLSIDGGTTWVKATQSTTQGVWSYTWPDIVPDGDYTLEVKATDNAGNKVTKKLDFTIDTTLSTPVIVLDDVDDTGDKGDNITNHTQPTFTLQHIDKDAVSVKVSVEHGGVSTTFDATKGAGGWTFTPTGAWADGDYTLTVSVEDVAGNTSQSASLTVTVDTQISINNIELVNDSGIANDNLTNDVRPHFQVKVPTDVNEVRLSIDGGTTWVKATQSATKGVWDYTWLSDVGEGKHTLTVEATDAAGNKTTQTLDFTIDTTLSGPTITLDDTNDSGTKGDNLTNVNKPTFLLGNIDADARYVTVEVQHGSTKEVLTATKGTNGVWSVIPIGTWADGSYTLTVRVEDNAENVKYSAPLTVTVDTHISIDNIELVNDNGTPGDNLTNEVRPQFRVTVPGDVNEVRLSIDGGKTWVPAMQVKAGIWDYTWPEDVIDGLHTLVVEAVDAAGNKTTQTLEFTIDTQLSTPTITMDGRDDTGITGDHITSVKTPAFTIGNIDADANSVVLRITQGSNSQEVKLTQVGGQWRFTPDADWADGSYTLTVEVKDNAGNIRQSTPLVVTVDTQTSITDITLVNDNGEPDDNLTNSTRPQFEIKVPVDVNSVQLSIDGGTNWVNAVQGIKGVWGYTWPTEIGDGKHILTVMVKDTAGNTATQTLEFTIDTKLSTPTIALDGMDDTGTPGDGMTKKTQPTFVLQNIDSDVVKVTVSVTHNGTTSTFAATQGAGGWYFTPLTPWGDGNYTLTVTAEDRAGNTRPSTPLTVTVDTQIAINHIELVNDSGAPDINLTKHVRPQFQISVPEDVNEVRLSIDGGTTWVAAIKSSTAGIWDYTWPTDVPEGEHILTVEATDAAGNTIRQTLSFTIDITLSTPTIELAPDQDTGQSKNDNLTSVTQPVFVLGHIDKDVRHVELSIEHNGTFKTVVLTESADGWRYRPDSALEDGSYKLTVTVTDAAGNQQTSAPLTVTIDGTLTTPTIELAPGEDSSTVGDRLTNHDRPVFDIHQIDSDVTRVMVKVTYNGKTHEEAAVFSNGQWRFTPSASWADGSYQLAVVVEDRAGNVKESAPLEVRIDTTTTINNIVLLNDTGVQNDQLTNVAKPSFRIEVPADVVQVRVTLDGGTSWSPIRKNADGQWIFESTNTLVDGTYTLRVEATDAAGNIANKDLVFNIDTTIQVPTIALEAGQDTGANTSDNITNISRPTFAIGNVDPDVIKVVVTIDGHNYNATKVGSGWAFTPGNAIPDGAYNITVTVEDKAGNIATSKPLPVVIDTTAEIKSVTLVTDSGDSTVDNITNINKPQFSIVTADDIVQVRVKVDNAANWIELTKGGDGRWIFNTSSALPDGQHSLVVDVVDIAGNVAQETLQFTVDTTLRVPTIVLDPGHDTGDDTNDNLTRINKPVFIIGDVDNDVSHIVVRIDGRDYTIENTGGKLTFTPDKPLSDGQHTISVTVTDIAGNTKTSAELQIEVDTQVQIDNVTLTTDSGINDHDNVTNAKRPSFEIETPADVTIVQVSFDGVNWTPISKNAAGQWEFTAGSELSDGHYTLHVQATDRAGNTANSTLDFTVDTQINGLSVVMLDDAGKDTADGITNITTPRFEISAGEPLQSVTVILNGKSSTLTQGAGNKWLFTPDTPLVDGTYKIEIVAEDIAGNKVNKEVSFTIDTIISDPSINLLDADDSGESSVDNITNVTKPRFVIGNVPADIDTVIIRINGISYPVTANGNNLWEFQVPVALKDGVYEAAVVFKDIAGNTSETKLPFTIDTTTSVTVRMEPASDTGSSNSDNLTNKQNPKFEGTAEPNAKLEITIVDDAS-NVVLKQTVTVGPDGNWSITPSLLADGTYTINVTATDVAGNTAQTQEKFTIDTVTTDPTIRLSDPSVDDQHEATSLRPEFKGIAEAFSTIMIKWDGKVVGSANANANGDWSWTPPSVLAPGSYVVSIVAKDKAGNESSQVDFAVVIPVIDVTPPTIKLSDESDTGPLGDFTTSNKTPTLIGNTLPNTIVSIYVDGLKVGEATADTAGRYTFQLPEMNDGQYVVQVGIINPRDHSELRSTAVDVTIDTQVAELVWNVSGMHEGGYINTVTPEIGGTSEPNSKVIILVNGVEKAIAYTTGTGHWGVVLPALGNDGNYVLTFRVEDVAGNTKEFGPQHIILDTVIAPMTVELREIDDSGKIGDWITKKSHVTLEGTAEAGSTLTIRNPQGVVIATLVVGNDGRWSAEVDLREGSNAFVVISEDKAGNSQQKEILIEHDTQIEISDISLSRDTNSGDKYDLITNNKSPVLVAMTDPGATVQVYINGVLQGTVEANSSGNISYTMPANSADGEYQVQFVATDIAGNRVESAITTVTIDSQIAVFDIDENTLPAISNNRALSVSGVGEAGSQVSIFVDGKLVNVVMVEADGSWSAPILLQDDGTFNIHFSITDVAGNTEVSKNYSVDVDSSTDFPTLNLDELSNSGSHDDLITNHNKPVLTGTAEAGATIHIYVDEKIVANVVVLEDGTWSYQFDKALKDGEYSIRVVAEDLAGNTAESPRLLVTIDTSTYIDPPALTSGSDNGMYFNDGITSQTRPKFSINGEFNQSVQIYIDGKLVDTVTVTDRNQVYQPAIPLGDGAHTIHYVITDKAGNTATSKPLSFTVDTTNTTPVLIDSIDGQTLAEMTAGDGKIYITDTTHNLMFSGSAEPDSLIELTINGLNVGKVWVDNTGKWQMPVNPVYLSQGLLDINVKSTDRGGNVNQENYSIWVDTMIQEFTSELDDNKSLSKTDWWSNSALITMRGMGEIGATVSLIVAGVTLATAVVAANGQWELSTDKLPEGKYDITLSIEDNAGNRKEEVHEIFIDRTPPSAPVVTYSDIVNDLIIMQGTAEAKSQLIITDSEGNTYTLTVPDNGNWSTAIPYPSEGKFTITSVDAMGNKSDVVSLDIMKDVPVISLAVDSDSNIVGDNITQDNKPTFIIGNLESDVVTVQVDINGTLYNAEQRADGVWFFTPGTALADGSYTISVIASDAAGNKKNSLPITVTIDSTLTVPEIALAAGEDNGASDSDNVTNHTQPKFTLQHIDADVTGVTINVAHSGGTDTYQATQSADGWTFTPPAAWNDGTYTLSVTVVDDAGNKKHSASLTVTVDSTVTVATNALSGH---SDTDTLTDIMQSEPETKNTESDTHARTGMPAAEESTAEEEAYNITLLNADAGDETERSISQTPSFEISVPENIVNVSVMFEGEEFTLPIINHKAIFEVPLSLEDGEYTMDVKFLDKDDDYLIKEKTFSVDQSSADIVNAMNARGKTEDDINDSPSASSVGH-NNGAIEAFTVNEVTLPVDNQEEYA
SiiE	Salmonella_enterica_subsp_enterica_Paratyphi_A	lcl|NZ_CP009559.1_prot_WP_000527199.1_1102	82.148	100	SNSGSKDDSITNFTKPQFVGSTAPNATVIIKIN---GIAVGQAVADSLGNFTFTAPETLTDGTYNLEAEAKTADGSGSAKLV-ITIDSVTDKPTFEL--SPESSVSGHKGLTPTLTPSIV--GTAEENAKVDIYVDNK-LVASVDVDKD-GNWSYEFKDNELSEGENSIKVVAVDKAGNKNETTDSIITDTISPEKPTIELDDSSDSGIKNDNITNSTLPTFIGVAEPGST----VSIYLGLKHLGEVIVAKDGTWSYTLTTPLKDGEYNITATATDIAGHTSATANLPFTIDTRISYFSAEIETTDDSGIVGDNVTNNTRPTFTGKT----EPNAIISVINSETGEEVIFKANDKGEWTFNFTSDSVEGVNNLTFTVEDVAGNKKDFSFSYVIDTVAPVPPTVSLEDFVVLPNGIILSGNDLPA--LVGTAEPKFTILLMRD----------GK-LYDSIEVDSNGTWNYQFSNKFLQGAYDIEIISQDAAGNKSSTVKYSFTIQTEVVPPKAELDASDDSGAKGDWITNKHNALTLLGTADRFAT---VNILIDGKTIGVTTADADGNWNFDISRNLSDNVYKITVESIDPLGRTS-SVDYQLTIDSFTPIPTVMLHDSADSGVKGDMITKINTPLF--TGMAEANAKVSIYVDGVLSG-EAIAGDDGVWNFQFTTALSDGSHDVTVKVEDIAGNTASSSAYNFQIVTQTQKPTIEL--VNDTGVDNTDHIINEKNPALT----GTAAPYSTVKLYVDGALIAEVRTNKNGRWEYTLKADQGLVDGDHRITASVEDIAGNIAHSDPFLISVDTAISIPIVSLSPDSDSGIADDNLTNIVKPTLHLKDIDPDIISVQVWDAMSDTQIGVATQQPDGSWAYTFTSDLTEGLHQVYVKVEDIAGNKANSAVFDFTIDTTVSTPVISLLSKDDTGVTGDNLTNINKPGFAISGVDADAHRVVVQVMHNGVSEEIELSH-LNGSWLFTPGNTWADGSYTLTVKVEDKAGNTSYSAPLTVVIDTQIAIDGVELVNDSGVKGDNMTNDDRPHFRVTVPTDVNEVRLSIDGGNSWVQAT-PGVAGSWEYIWPTDLADGQYTLTVEATDKAGNTVTKTIDFAVDTTLSVPVIVLNSADDTGVQGDNMTNRTQPTFALQHIDDDAVRVTVSVEHGGVTTTFDATKGTGGWTFTPTGAWADGDYTLSVSVEDKAGNTSHSASLTVTVDTQIAINNIELVNDSGIPDDNLTNNVRPHFQVTVPTDVNVVRLSIDGGKTWFNATQSATPGVWDYTWLADVGEGKHTLTVEATDKAGNQTTQQLDFIIDTLLSEPTIVLDNTDDSGTKGDNLTNVNKPTFLLGNIDVDARYVTVEVLHGGTKEVLTATKGATGIWSVTPTGTWADGDYTLTVRVEDDAGNVKYSAPLTVTVDTQITIDVIELVNDNGIPGDNLTNDVRPHFRVTVPGDVNEVRLSIDGGNTWVRATQGTAGIWDYTWPKDVTDGLHTLTVEATDKAGNKTTQTLDFTIDTRLSTPTIAMDSRDDTGAIGDHITSVKRPGFTIGNIDADAHSVILRITQGGNSQEVTLTQVGGQWRFTPDADWADGSYTLTVEVTDNAGNVRQSTPLVVTVDTQTSITDITLVNDHGVPDDNLTNSTRPQFEITVPADVNSVQLSIDGGANWVSATQGIEGVWGYTWPTDMGDGKHTLTVMVTDRAGNTATQTLEFFIDTRLSTPTIALDSTDDTGTPGDDMTNRTRPTFILQNIDSDVINVTVSVTHNGTTTSFTATQGAGGWSFTPPAPWGDGDYTLTVTVEDRAGNTRPSTPLTVTVDTQIAIDHIELVNDSGVPGDNVTKHVRPQFQISVPDDVEKVLLSIDGGTTWVTAIKSSTAGIWDYTWPTDMPEGQHTLIVEVTDGAGNKMTGTLDFTIDITLLTPTIELAPDQDTGQNKNDNLTSVTQPVFVLGSIDKDVRHVELSIEHNGTFKTVVLTESADGWRYRPDSALADGSYTFTVTVTDVAGNQQTSAPLKVTIDGTLTTPVIELAAGEDSGTVGDRLTNHDRPVFDIRQIDSDVTRVMVKVTYNGKTHEEAAVFTNGQWRFTPSASWADGSYQLAVVVEDLAGNVKESAPLEVRIDTTTTINNIVLLNDTGVQNDQLTNVAKPSFRIDVPGDVVQVRVTLDGGANWNVIRKNADGQWIFDSPNTLVDGTYTLRVEATDEAGNIANKDLVFNIDTNIQVPTIALDAGQDTGANTADNITNISRPTFTIGNVDPDVIKVVVTIDGHDYNATKVGAGWQFTPGNAIPDGSYNITVTVEDKAGNTATSKPLPVVIDTTAEIESVTLVTDSGDSDVDNITKVDKPQFSIVTADDITHVRVKIDNAANWIELTKGGDGRWIFNVGSALPDGQHTLLVDVTDIAGNVAQETLQFTIDTTLREPTIVLDPTHDTGDDTNDNLTRINKPVFIIGNVDNDVSHIVVHLDGRDYTIENKGGNLTFTPDQPLSDGQHTISVTVTDIAGNTKTSAELQIEIDTQVQIDSVTLTTDSGVNDHDNVTNATRPSFEIATPDDVTSVLVSFDGVNWTPISKNAAGQWQFTAGSALSDGHYTLHVQATDRAGNTANSTLGFTVDTQIDGLSVVMLDDAGKDSTDGITNITSPRFEISAREQLQSVTVILNGKSSTLTQGAGNKWLFTPDTPLVDGTYKIEIVAEDIAGNKISKEVSFTIDTIVSDPSIDLLDADDTGESAVDNITSVTTPRFVIGNVPADIDTVVIRINGVSYPVTANGNNLWEFQVPVALNDGVYEAVVVFRDIAGNTSETKLPFTIDTTTSVSVRMEPASDTGSSNSDNLTNKQNPKFEGTAEPNAKLVITIVDDKSGREVLKHTITVGADGNWSVTPNILPDGMYTINVVATDVAGNTAQTQERFTIDTVTIDPTIRLSDPSIDDQYEATSLRPEFKGLAEAFSTIMIQWDGKVVGSANANANGEWSWTPPSVLAPGSYVVSIVAKDKAGNESSQVDFPVVIPVIDVTPPTIKLSEESDSGALGDFTTNNKTPTLIGSTLPNTIVSIYVDGVKVGEATADTAGRYTFQLSEMKDGHYVVQVGIVNPRDNSELRSTAVDVTIDTEVAELVWNISGMHEGGYINTVTPEIGGTSEPNSKITIFVNGVEKAIAYTTGAGHWGVVLPALGNDGNYELTFKVEDVAGNIREFGPQNVILDTVISPLTVVLREADDSGKVGDWITNKSHVTIDGTAEAGSTLTIRNPQGVVIATLVVGNDGRWSAELDLREGSNAFVVVSEDKAGNSQQKDILIEHDTQIEISDISLSRDTNSGDKYDLITNNKSPVLVAMTDPGATVQVYINGVLQGTVEASSSGNISYTMPANSADGEYQVQFVATDTAGNRVESAITTVTIDSQIAVFDIDEDSLPALSNNRALSVSGVGEAGSQVSIFVDGKLVNVVMVEADGSWRAPILLQDDGTFNIHFSITDVAGNTQVSKNYSVDVDSSTDFPTLNLEDASNSGSLDDLITNHNKPVLVGTAEAGATIHIYVDEKIVANVLVLEDGTWSYQFDNALKDSEYSIRVVAEDPAGNTAESPRLLVTIDTSTFIDNPAMVAGSDNGIFSNDSITSQTRPTFSIFGEMNQSVQIFIDGVLVDTITVTDRNQVYRPESPLGDGSHSIYYVITDKAGNTATSKTLNFTIDTFNTTPVAIDSIGGQTLAEMTGSDGKIYITDTTRNLLFSGSAEPNSKIEIIINGLNVGEVWVNEKGHWQMPVNPLYFTEGQLDITVKSTDRAGNVNQEKYSIWVDTHIQVFTSELDDNKSSSKTDWWSNSSTITMRGMGEIGATVSLIVAGVTLATAVVAANGQWELSTDQLPEGKYDITLSIEDNAGNRKEEVHEIFIDRTPPNAPVVTYSDIVNDLIIMQGTAEAKSQLIITDSNGNTYTLTVPDNGKWSMAIPYPSEGKFTITSVDAIGNRSDDVPLDIMKEVPVISLSPDSDSGTVGDNITRDKQPTFIIGNLESDVVVVQVDINGTVYNAEKNADGVWFFTPGTPLADGSYTISVIASDAAGNQKNSLPITVTIDSTLTVPEIALAAGEDNGVSDSDNVTNHTQPKFTLQHIDADVTGVTVNVTHNSVTDTYQATQGADGWTFTPPAAWNDGTYTLSVTVVDRAGNSQQSASLAVTVDSTVTVTADSQHDDASDDATPTAVTPPESETVNAESDTHLRTVPSAAEESVVKETAYSITLLNANSGDEIDRSISQTPSFEISVPENIVNVSVMFEGEEFTLPITNQKAIFEVPLSLEDGEYTMDVKFIDKDDDFLIKEKTFSVDHSSADIVNAMNARGKTEDDINDSPSTSSVGHNNNGAIDVFAVNEVTLPVDNQEEHA
SiiE	Salmonella_enterica_subsp_arizonae	lcl|LR134156.1_prot_VEA79471.1_5247	76.397	95	MTVTDTAGNKTTSAPLTVTIDSTLSTPVIALANGEDSGVVGDQLTNHDHPVFDLSHIDSDALHVMVRVTHNGSSHEEAAVFNNGKWSFSPSVSWADGLYQLAVVVEDRAGNVKESAQLDVRIDTTTTINNIVLLNDTGVLGDQLTNNAKPSFRVEVPADVAQMRATLDGGTTWIPIRRNADGQWIFASTNNLTDGQHTLRIEATDTAGNVASKDLVFNIDTHLQIPTIALGAGQDTGANTSDHITNISRPTFVIGNVDADVIKVMVTIGTNTYNATKVGGTWEFRPDNAIPDGSYNVSVTIEDKAGNIATSQPLSIMVDTRAEINSVTLLTDSGDSSSDNITNVNKPQFEIVAANDTVQVRVKIDNTGNWIDLAQSVEGHWEFNVGTALPDGQHSLLVEVVDVAGNVAQQTLNFTVDTTLREPNIVLDPTQDTGDDSNDNITNINKPTFIIGNVDNDVSHIVIHLDGRDYIIENNGAKLTFTPDKPLTDGHHTLTVTVTDIAGNTKTSAELQVEIDTQVQIDRVSLTTDSGVNDSDRITNVARPSFNIVTPDDVTKVLVSFDGVNWSPASKNAAGQWDFTAGSALLEGHYVLHVQATDRAGNTANSSLAFTVDTHVDGLNITMLDDTGNDAADRITNITSPRFEISARESLQVVTVTLNGNVTTLNKGMGNKWIYTPEIPLLDGHYKLEVTAEDIAGNTINQEISFTIDTTVPVPDVDLLDADDSGESAVDNITNVTKPRFIISDIPTDIDTVTIKINGVSYPITLDGSNTGTFQVPVALKDGVYEAVVVFRDLAGNISETKLPFTIDTATSVSVRMDPTSDTGSSNSDNLTNRKSPKFGGTAEPDAKLVITIIDDTSGHEVLKKLVTVGVDGNWSMTPDALADGIYTIKVVSTDVAGNTAEAQDRFTIDTVTPDPTIQLTDSSIDDMHEATSLRPEFKGIAEAFSTIMIQWDGKVIGSANANSNGEWSWTPPSILTPGSYVISIVAKDKAGNESSQVDFPVVIPVIDVTPPTIKLSDDSDSGALGDFITNDKTPTLIGSTLPNTIVSIYIDGKKVGEATSDTAGRYAFQMQEQPDGTYVVEVGILNPRVNEEIRSAAVSLVIDTQVADLEWHISGIHEDKYINTVTPEISGTSEPNSKITVFVNGIEKAAAYTTAGGHWGVILPTLGNDGNYVLTFKVEDIAGNVKEFGPQEITLDTVIAPLTVTLREVDDSGKLGDWITNKSHVNIDGTAEAGSTLTIKTQGGVVVTTFEVGSDGHWSAELDLSNGNNIFVVESVDKAGNSQQKELLVEYDTQIEISAISLSRDSNSGDKYDLITNDKSPELVAMTEPGATVQVYINDVLQATVEANSAGNVSYTMPANSADGNYHVQFVATDIAGNRTESAVATVTIDSEIAVFTIDEGSLPTISNSRALSVAGQGEAGAQVSIFVDNKLVNVVMVEADGSWRAPILLQDDGTFKIHFSITDIAGNTQASKNFSVDVDSSTEFPTITLEDSSNSGLVDDLITNHNTPSFVGTAEAGATIHFYVDEKIVANILVQDDGRWSYQFDNSLKDGEYSIRVVAEDTAGNRAESPRLIVTIDTSTYIEPPTLTAGSDNGMYINDGVTSQTRPQFSINGEFNQSVQIYIDGKLVDTVTVTDRNQVYQPVAPLGDGSHSIYYVITDKAGNTATSKTLDFSIDTSNKTPVVIEAIDGHTLAEMTGSDGKIYITDTTHNIIFRGSAEPDSLMDLTINGLNVGQVWVSQTGEWQMPVNSVYLSQGLLEIKIKSTDRGGNVNEKSYSIWVDTMIEDFTSELDDNKSSSQNDWWSNNTLITMRGLGEAGATVSLVLAGVTLATTVVAANGQWALSTDQLQEGKYDITLSIEDNAGNRKEEIREIFIDRAAPVAPAITYSDIVDDLVIMKGTGEAKSKLTITDSEGNIYTLTVPDNGNWSMAIPYPSEGKFTISSTDRIGNTSDVVSVDLIKEIPTISLAVDSNSGSKDDNITHDKQPTFIIGNLESDIVNVQIDINGMAYNAEKRADGVWFFTPDTALADGTYTISVTANDAAGNQKNSLPITVTIDTTLKVPEIALAAGEDTGASGSDNVTNHTQPKFTLQHIDADVTGVTVSVAHNGTTDTYPATKGDDGWSFSPSAAWSDGSYTLSVTVVDGAGNTQQSSSLTVTVDSTLKV
SiiE	Salmonella_enterica_subsp_arizonae	lcl|LR134156.1_prot_VEA79476.1_5252	74.890	94	MLQNFLSDNVAKDNLAQQDNAIQQNTLSKAAQNIKQDESEKITPQPLNKNTGSGRSNSSKNYDNQFEAEPVKEKLKISFKLAAESNSGSKDDSITNFTKPQFIGSTSPNATVVIKINGISVGQVVADKLGNFTFTAPEKLADGTYNLEAEATTSNAMGSTKLAITIDSVIDKPSFELSPESSIPGHQGLTATLTPSIIGTAEENAKVNIYVNDKLITSVDVDKNGKWSYGFKGKELIEGDNNIKVVAVDKAGNQSEISNVITIDTIPPEKPTIELDINSDSGVKDDNITNSTLPTFIGVAEPGATVSIYIGIKHLGDVVAAKDGSWSYTLTEPLKDGEYHLTATATDIAGHTSETSDLTFTIDTRISYFSAELDPADDSGIVGDNVTNNSRPTFIGKSEPNTTINVKNSETGELVVLKANAEGEWQFAFTSDSAEGVNNLVFTVEDVAGNQKDF
SiiF	Salmonella_enterica_subsp_enterica_Typhimurium_LT2	lcl|NC_003197.2_prot_NP_463127.1_4116	100.000	100	MDKKLEPYYLSAETALSIVSKKFNIKIDIKEDDINLRFKKYDRNNTDDSIQMKNFFLSLGLSLQDILFNNGEDLLNEPMPILLLTPEMKWMVCVSGGQKIKLVNARGELCYVEIEDEYLKELSAFSILPLNKVVDSIRVKNIIKNSLSMNKIFYTKYFFSSLFMAIFALTIPVFSNLFYDKLVPSASVSSLFGVAIIVAVFIVFEFILRTSKDIYQSITARQDDVDIDIAFLEAVLYSKKKNGRSMSSAFVLWNEFQKIKPVLLNSIFQRIADIPIFIIFLIVIYVNLGLVVIVPITMFIVSIIISLVNHHYTNELMNKQKEGQKNRNIFISEVFLSIKMIHTLNNQGLLFDWVNTSNEQSYLNLKIRKLNLIYQSILGSMSSITQITIMVIAFFMVIKGDVTTGAIVSSVIVSGRISGIISNFSSTLISILSAEKTGKDLLSFFDEDQAEKTPALQSISKCNGDISIRGVSYQYDAQSPMIINRLSIDIPAGQRVAVVGECGAGKSSLLGMLSGYLSPTDGAILYDGYNLGHLSQNFFSQHLSVVTTHDVLFTGTIESNFALKPQNDRGRVLKALQLANCGFILQHPMGLKFPVNFMAKNLSSGQQQQLLLARSLSSDASVFLWDEPTSNLDENTEKQIFDNLDEFIHGKTLIMVTHRRYLIKYFDRVLVMKGGKIIRDCSPDKLLM
SiiF	Salmonella_enterica_subsp_enterica_Infantis	lcl|CP052796.1_prot_QJV25800.1_4149	99.564	100	MDKKLEPYYLSAETALSIVSKKFNIKIDIKEDDINLRFKKYDRNNTDDSIQMKNFFLSLGLSLQDILFNNGEDLLNEPMPILLLTPEMKWMVCVSGGQKIKLVNARGELCYVEIEDEYLKELSAFSILPLNKVVDSIRVKNIIKNSLSMNKIFYTKYFFSSLFMAIFALTIPVFSNLFYDKLVPSASVSSLFGVAIIVAVFIVFEFILRTSKDIYQSITARQDDVDIDIAFLEAVLYSKKKNGRSMSSAFVLWNEFQKIKPVLLNSIFQRIADIPIFIIFLIVIYVNLGLVVIVPVTMFIVSIIISLVNHHYTNELMNKQKEGQKNRNIFISEVFLSIKMIHTLNNQGLLFDWVNTSNEQSYLNLKIRKLNLIYQSILGSMSSITQITIMVIAFFMVIKGDVTTGAIVSSVIVSGRISGIISNFSSTLISILSAEKTGKDLLSFFDEDQAEKTPALQSISKCNGDISIRGVSYQYDAQSPMIINRLSIDIPAGQRVAVVGECGAGKSSLLGMLSGYLSPTDGAILYDGYNLGHLSQNFFSQHLSVVTTHDVLFTGTIESNFALKPQNDRGRVLKALHLANCGFILQHPMGLKFPVNFMAKNLSSGQQQQLLLARSLSSNASVFLWDEPTSNLDENTEKQIFDNLDEFIHGKTLIMVTHRRYLIKYFDRVLVMKGGKIIRDCSPDKLLM
SiiF	Salmonella_enterica_subsp_enterica_Paratyphi_B	lcl|NC_010102.1_prot_WP_000358571.1_4174	99.419	100	MDKKLEPYYLSAETALSIVSKKFNIKIDIKEDDINLRFKKYDRNNTDDSIQMKNFFLSLGLSLQDILFNNGEDLLNEPMPILLLTPEMKWMVCVSGGQKIKLVNARGELCYVEIEDEYLKELSAFSILPLNKVVDSIRVKNIIKNSLSMNKIFYTKYFFSSLFMAIFALTIPVFSNLFYDKLVPSASVSSLFGVAIIVAVFIVFEFILRTSKDIYQSITARQDDVDIDIAFLEAVLYSKKKNGRSMSSAFVLWNEFQKIKPVLLNSIFQRIADIPIFIIFLIVIYVNLGLVVIVPVTMFIVSIIISIVNHHYTNELMNKQKEGQKNRNIFISEVFLSIKMIHTLNNQGLLFDWVNTSNEQSYLNLKIRKLNLIYQSILGSMSSITQITIMVIAFFMVIKGDVTTGAIVSSVIVSGRISGIISNFSSTLISILSAEKTGKDLLSFFDEDQAEKTPALQSISKCNGDISIRGVSYQYDAQSPMIINRLSIDIPAGQRVAVVGECGAGKSSLLGMLSGYLSPTDGAILYDGYNLGHLSQNFFSQHLSVVTTHDVLFTGTIESNFALKPQNDRGRVLKALHLANCGFILQHPMGLKFPVNFMAKNLSSGQQQQLLLARSLSSNASVFLWDEPTSNLDENTEKQIFDNLDEFIHGKTLIMVTHRRYLIKYFDRVLVMKGGKIIRDCSPDKLLM
SiiF	Salmonella_enterica_subsp_enterica_Typhi	lcl|NZ_CP029897.1_prot_WP_000358570.1_4289	99.273	100	MDKKLEPYYLSAETALSIVSKKFNIKIDIKEDDINLRFKKYDRNNTDDSIQMKNFFLSLGLSLQDILFNNGEDLLNEPMPILLLTPEMKWMVCVSGGQKIKLVNARGELCYVEIEDEYLKELSAFSILPLNKVVDSIRVKNIIKNSLSMNKIFYTKYFFSSLFMAIFALTIPVFSNLFYDKLVPSASVSSLFGVAIIVAVFIVFEFILRTSKDIYQSITARQDDVDIDIAFLEAVLYSKKKNGRSMSSAFVLWNEFQKIKPVLLNSIFQRIADIPIFIIFLIVIYVNLGLVVIVPVTMFIVSIIIFLVNHHYTNELMNKQKEGQKNRNIFISEVFLSIKMIHTLNNQGLLFDWVNTSNEQSYLNLKIRKLNLIYQSILGSMSSITQITIMVIAFFMVIKGDVTTGAIVSSVIVSGRISGIISNFSSTLISILSAEKTGKDLLSFFDEDQAEKTPALQSISKCNGDISIRGVSYQYDAQSPMIINRLSIDIPAGQRVAVIGECGAGKSSLLGMLSGYLSPTDGAILYDGYNLGHLSQNFFSQHLSVVTTHDVLFTGTIESNFALKPQNDRGRVLKALHLANCGFILQHPMGLKFPVNFMAKNLSSGQQQQLLLARSLSSNASVFLWDEPTSNLDENTEKQIFDNLDEFIHGKTLIMVTHRRYLIKYFDRVLVMKGGKIIRDCSPDKLLM
SiiF	Salmonella_bongori	lcl|NZ_CP053416.1_prot_WP_038393511.1_2032	95.779	99	MDKNLEPYYLSAETALSIVSKKFNIKIDIKEDDINIRFKKYDRNNTDDSIQMKNFFLSLGLSLQDILFSSGEDLLNEPMPILLLTPEMKWMVCVSGGQKVKLVNARGELCYVEIPDEYLKQLSAFSIMPLNKVVDSIRVQNIIKHSLSMNKIFYTKYFFSSLFMAIFALTIPVFSNLFYDKLVPSASVSSLLGVTILVAVFIVFEFILRTSKDIYQSITARQDDVDIDIAFLEAVLYSKKKNGRSMSSAFVLWNEFQKIKPVLLNSIFQRIADIPIFIIFLIVIYINLGLVVIVPVTMLIISIVISIVNHHYTNELMNKQKEGQKNRNIFISEVFLSIKMIHTLNNQGLLFDWVNTSNEQSYLNLKIRKLNLIYQSILGSMSSITQITIMVIAFFMVIKGDVTTGAIVSSVIVSGRISGIISNFSSTLISILSAEKTGKDLLSFFDEEQAEKMPALQSISKCNGDVAVRGVSYQYDSQSPVIINRLSIDIPAGQRVAVIGECGAGKSSLLGMLSGYLSPTDGAILYDGYNLGHLSQNFFSQHLSVVTTHDVLFTGTIESNFALKPQNDRGRVLKALQLANCGFILQHPMGLKFPVNFMAKNLSSGQQQQLLLARSLSSNASIFLWDEPTSNLDENTEKQIFDNLDEFIHGKTLIMVTHRRYLIKYFDRVLVMKGGKIIRDCSPDKLL
SiiF	Salmonella_enterica_subsp_diarizonae	lcl|NZ_CP029989.1_prot_WP_023249480.1_4667	92.576	99	MDTKLEPYYLSAENALSIVSKKFNIKIDIKEEDINIRFKKYDRNNTDDSIQMKNFFLSLGLSLQDILFSSGEDLLNEPMPILLLTPEMKWMVCISGGQKIKLVNARGELCYVEIPDEYLKKLSAFSILPLNKVVDSIRVNNIIKNSLSMNKVFYTKYFFSSLFMAIFALTIPVFSNLFYDKLIPSASVSSLFGVAIIVAVFIVFEFILRTSKDIYQSITARQDDVDIDISFLEAVLYGKKKNGKSMSSAFVLWNEFQKVKPILLNSVFQRIADIPIFLIFIAVIYVNLGWVVVVPIIVFIISIILSIVNHHYTNELMNKQKEGQKNRNVFISEVFLSIKMIHTLNNQGLLFDWVNTSNEQSYLNLKIRKLNLIYQSILGSMSSITQITIMIIAFFMVIKGDITTGAIVSSVIVSGRISGITSNFSSTLISILSAEKTGKDLLSFFDEDQEEKTPALQSISKCEGEISIRGVSYQYDAQSSVIINRLSIDIPSGQRVAIIGDCGAGKSSLLGLLSGYLSPTDGAILYDGYNLGHLSQNFFSQHLSVVTTHDVLFTGTVESNFALKPQNDRGRVLKALHIANCGFILQHPMGLKFPVNFMAKNLSSGQQQQLLLARSLSSDASVFLWDEPTSNLDENTEKQIFDNLDEFIQGKTLIMITHRRYLIKYFDRVLVMKGGKVIRDCTPEKLM
SiiF	Salmonella_enterica_subsp_enterica_Paratyphi_A	lcl|NZ_CP009559.1_prot_WP_039754684.1_1100	99.048	76	MAIFALTIPVFSNLFYDKLVPSASVSSLFGVAIIVAVFIVFEFILRTSKDIYQSITARQDDVDIDIAFLEAVLYSKKKNGRSMSSAFVLWNEFQKIKPVLLNSIFQRIADIPIFIIFLIVIYVNLGLVVIVPVTMFIVSIIISLVNHHYTNELMNKQKEGQKNRNIFISEVFLSIKMIHTLNNQGLLFDWVNTSNEQSYLNLKIRKLNLIYQSILGSMSSITQITIMVIAFFMVIKGDVTTGAIVSSVIVSGRISGIISNFSSTLISILSAEKTGKDLLSFFDEDQAEKTPALQSISKCNGDISIRGVSYQYDAQSPMIINRLSIDIPAGQRVAVIGECGAGKSSLLGMLSGYLSPTDGAILYDGYNLGHLSQNFFSQHLSVVTTHDVLFTGTIESNFALKPQNDRGRVLKALHLANCGFILQHPMGLKFPVNFMAKNLSSGQQQQLLLARSLSSNASVFLLDEPTSNLDENTEKQIFDNLDEFIHGKTLIMVTHRRYLIKYFDRVLVMKGGKIIRDCSPDKLLM
SiiF	Salmonella_enterica_subsp_arizonae	lcl|LR134156.1_prot_VEA79468.1_5244	93.931	55	NHHYTNELMNKQKEGQKNRNVFISEVFLSIKMIHTLNNQGLLFDWVNTSNEQSYLNLKIRKLNLIYQSILGSMSSITQITIMIIAFFMVIKGDITTGAIVSSVIVSGRISGITSNFSSTLISILSAEKTGKDLLSFFDEDQEEKTPALQSISKCEGEISIRGVSYQYDAQSSVIINRLSIDIPSGQRVAIIGDCGAGKSSLLGLLSGYLSPTDGAILYDGYNLGHLSQNFFSQHLSVVTTHDVLFTGTVESNFALKPQNDRGRVLKALHIANCGFILQHPMGLKFPVNFMAKNLSSGQQQQLLLARSLSSDASVFLWDEPTSNLDENTEKQIFDNLDEFIQGKTLIMITHRRYLIKYFDRVLVMKGGKVIRDCTPEKLM
SiiF	Salmonella_enterica_subsp_arizonae	lcl|LR134156.1_prot_VEA79469.1_5245	93.502	40	MDTKLEPYYLSAENALSIVSKKFNIKIDIKEEDINIRFKKYDRNNTDDSIQMKNFFLSLGLSLQDILFSSGEDLLNEPMPILLLTPEMKWMVCISGGQKIKLVNARGELCYVEIPDEYLKKLSAFSILPLNKVVDSIRVNNIIKNSLSMNKVFYTKYFFSSLFMAIFALTIPVFSNLFYDKLIPSASVSSLFGVAIIVAVFIVFEFILRTSKDIYQSITARQDDVDIDISFLEAVLYGKKKNGKSMSSAFVLWNEFQKVKPILLNSVFQRIADIPIF
